"id","alias","name","technical_id","description","status","tags","created_by","created_at","updated_at","deleted_at"
"000000000","nothing","nothing","","","1",NULL,"","2025-10-18 11:39:18","",""
"Sn","Sn","قلع کاری سرسیم","","","1",NULL,"","2025-10-18 11:39:18","",""
"120100014","6.3ch","ترمینال مادگی 6/3 پشت چاكدار","MESA:MT2111.80 RP    MT:MT 530057-1  HATKO: 0100104434     KET:ST730057-1","","1",NULL,"","2025-10-18 11:39:18","",""
"120100015","6.3flat","ترمینال مادگی 6/3 پشت صاف","MET:MT530268-1         KET:ST730268-1","","1",NULL,"","2025-10-18 11:39:18","",""
"120100016","6.3ch@","ترمینال مادگی 6/3 آبكاری شده","KET:730057-3 & SF1D(6.3)     TKS: TK1201.1","","1",NULL,"","2025-10-18 11:39:18","",""
"120100018","nar.p","#N/A","","","1",NULL,"","2025-10-18 11:39:18","",""
"120100021","4.8ch@","ترمینال مادگی 4/8 آبكاری شده","HCB:TP1871-0135   KET: ST730245-2","","1",NULL,"","2025-10-18 11:39:18","",""
"120100023","nut4","ترمینال مهره خور 4","KET :ST710127_1    HATKO: 0100107108","","1",NULL,"","2025-10-18 11:39:18","",""
"120100024","nut5","ترمینال مهره خور 5","","","1",NULL,"","2025-10-18 11:39:18","",""
"120100029","splice","ترمینال كلمپ متوسط (اسپیلایس) MT560320","ST760320-1","","1",NULL,"","2025-10-18 11:39:18","",""
"120100045","nut4@","ترمینال مهره خور 4 آبكاری شده","KET:ST710095-3","","1",NULL,"","2025-10-18 11:39:18","",""
"120100047","6.3k@","ترمینال مادگی 6/3 آبكاری شده كلید دار","","","1",NULL,"","2025-10-18 11:39:18","",""
"120100080","4.8k","ترمینال مادگی 4/8 کلید دار","MESA: TD2135.50 RP","","1",NULL,"","2025-10-18 11:39:18","",""
"120100083","flag","ترمینال مادگی KET  ST730649-3","HCB : TP2503-6038(ST730649-3)   KET : ST730649-3","","1",NULL,"","2025-10-18 11:39:18","",""
"120100132","6.3k","ترمینال مادگی 6/3 کلید دار","0100104035(SF23DK (6.3) RP)","","1",NULL,"","2025-10-18 11:39:18","",""
"120100223","radio","ترمینال 98715ps-0","","","1",NULL,"","2025-10-18 11:39:18","",""
"120110001","VH","ترمینال VHT كد A3963","","","1",NULL,"","2025-10-18 11:39:18","",""
"120110015","YH","ترمینال مكعبی بدون خار كد YT396B-RT","","","1",NULL,"","2025-10-18 11:39:18","",""
"120110051","ket.st730460","ترمینال KET  ST740465-3","HCB: C60001-03RT","","1",NULL,"","2025-10-18 11:39:18","",""
"120110052","sun","ترمینال KET  ST710489-3","","","1",NULL,"","2025-10-18 11:39:18","",""
"120110061","C60001","ترمینال KET  ST730461-3","HCB : C60001-03PT(ST730461-3)KET : ST730461-3","","1",NULL,"","2025-10-18 11:39:18","",""
"120110164","4.8flag@","ترمینال پرچمی 4/8 آبکاری شده پایه خاص (دهنه 0.8)","HCB : TP1873-0038","","1",NULL,"","2025-10-18 11:39:18","",""
"120100002","molex","#N/A","","","1",NULL,"","2025-10-18 11:39:18","",""
"120100008","molex.pack","#N/A","","","1",NULL,"","2025-10-18 11:39:18","",""
"120100019","nar.p.kh","#N/A","","","1",NULL,"","2025-10-18 11:39:18","",""
"120100323","nar.c4200","#N/A","","","1",NULL,"","2025-10-18 11:39:18","",""
"120100378","RFB","#N/A","","","1",NULL,"","2025-10-18 11:39:18","",""
"120110180","","ترمینال وایرشو  1","","","0",NULL,"","2025-10-18 11:39:18","",""
"120110181","","ترمینال مادگی طلایی  پشت خاردار پایه بلند","TD 2118.80RP   ST730142-1","","0",NULL,"","2025-10-18 11:39:18","",""
"120100258","","ترمینال B580004-4(SCS-004)","FAF:B580004-4(SCS-004)","","0",NULL,"","2025-10-18 11:39:18","",""
"120110172","","ترمینال دوشاخ سایز 4 (SV2-4)","","","0",NULL,"","2025-10-18 11:39:18","",""
"120100225","","ترمینال XHDHX25080-PT","","","0",NULL,"","2025-10-18 11:39:18","",""
"120110146","","ترمینال نری پشت خاردار","","","0",NULL,"","2025-10-18 11:39:18","",""
"120110147","","ترمینال مهره خور قطر 8 سایز 11","","","0",NULL,"","2025-10-18 11:39:18","",""
"120110148","","ترمینال وایرشو1.5","","","0",NULL,"","2025-10-18 11:39:18","",""
"120100226","","ترمینال مادگی MQS","""DJ621-0.7A6762012PSS""","","0",NULL,"","2025-10-18 11:39:18","",""
"120100228","","""ترمینال نری پایه کوتاه MIC IV"" به درخواست واحد خودرویی غیر فعال شد","""DJ614-2.8×0.8AAMP: 142754-1""","","0",NULL,"","2025-10-18 11:39:18","",""
"120100230","","ترمینال مادگی 6/3 پشت صاف پایه بلند","KET:ST730269-1","","0",NULL,"","2025-10-18 11:39:18","",""
"120110156","","ترمینال مادگی پشت خاردار (3-5)  ST730374-3","KET:ST730374-3","","0",NULL,"","2025-10-18 11:39:18","",""
"120110157","","ترمینال مادگی 250WP   ST730412-1","ST730412-1","","0",NULL,"","2025-10-18 11:39:18","",""
"120110158","","ترمینال مادگی پایه کوتاه 118PA  ST730383-3","ST730383-3","","0",NULL,"","2025-10-18 11:39:18","",""
"120110161","","ترمینال نری ساده (0.3-0.5)","KET: ST740253-1","","0",NULL,"","2025-10-18 11:39:18","",""
"120110162","","ترمینال اسپلایس بزرگ","ST760146-1","","0",NULL,"","2025-10-18 11:39:18","",""
"120110163","","ترمینال مادگی 6/3 کلیددار آبکاری خاردار","HCB : TP2501-7038","","0",NULL,"","2025-10-18 11:39:18","",""
"120110165","","ترمینال پرچمی 4/8 آبکاری شده (دهنه 0.5)","HCB : TP1874-0135","","0",NULL,"","2025-10-18 11:39:18","",""
"120110166","","ترمینال مهره خور 4 آبکاری شده پایه بلند","HCB : TO4200-0504","","0",NULL,"","2025-10-18 11:39:18","",""
"120110167","","ترمینال مهره خور 6 آبکاری شده","TO6400-0103","","0",NULL,"","2025-10-18 11:39:18","",""
"120110168","","ترمینال مادگی 1-1376476","HCB : C25001-01PT(1376476-1)     -   FAF: B250031-4(1376476-1)","","0",NULL,"","2025-10-18 11:39:18","",""
"120110169","","ترمینال مادگی 2/8 تلفنی آبکاری شده پشت صاف","HCB : TP1101-0048","","0",NULL,"","2025-10-18 11:39:18","",""
"120100270","","ترمینال مادگی PHD","LHE:A2006-TP2  YEONHO: YST200-C","","0",NULL,"","2025-10-18 11:39:18","",""
"120100272","","170340-3 ترمینال نری","AMP:170340-3","","0",NULL,"","2025-10-18 11:39:18","",""
"120100273","","964201-1 ترمینال مادگی","AMP:964201-1","","0",NULL,"","2025-10-18 11:39:18","",""
"120100274","","ترمینال فیوز پیوسته 2تایی پایه بلند","AH6211-2.8B    THB:PP0131902","","0",NULL,"","2025-10-18 11:39:18","",""
"120100275","","ترمینال فیوز پایه کوتاه","AH6210-2.8A       THB:PP0132001","","0",NULL,"","2025-10-18 11:39:18","",""
"120100276","","ترمینال فیوز پایه بلند","AH6210-2.8B       THB:PP0132002","","0",NULL,"","2025-10-18 11:39:18","",""
"120100277","","ترمینال مادگی پشت صاف کوچک  پایه کوتاه","AH622-4.8A     THB:PP0130905","","0",NULL,"","2025-10-18 11:39:18","",""
"120100278","","ترمینال مادگی پشت صاف کوچک  پایه بلند","AH623-W4.8D","","0",NULL,"","2025-10-18 11:39:18","",""
"120100279","","ترمینال نری تخت  بدون خار  پایه متوسط","AH613-6.3X0.8B     THB:PP0136901","","0",NULL,"","2025-10-18 11:39:18","",""
"120100280","","ترمینال نری تخت  بدون خار  پایه بلند","AH613-6.3X0.8E     THB:PP0136902","","0",NULL,"","2025-10-18 11:39:18","",""
"120100281","","ترمینال مادگی پشت صاف پایه کوتاه","AH621-6.3A    THB:PP0108611","","0",NULL,"","2025-10-18 11:39:18","",""
"120100282","","ترمینال مادگی پشت صاف پایه متوسط","AH621-6.3B      THB:PP0108612","","0",NULL,"","2025-10-18 11:39:18","",""
"120100283","","ترمینال مادگ پشت صاف پاه بلند","AH621-6.3C     THB:PP0108613","","0",NULL,"","2025-10-18 11:39:18","",""
"120100284","","ترمینال مادگی سری 9.5","AH621-9.5D   THB:PP0105802","","0",NULL,"","2025-10-18 11:39:18","",""
"120110183","","ترمینال مادگی   2/8 كلید دارآبکاری","YEONHO: YRT110-05(S)E        LHE: D280K-TB255","","0",NULL,"","2025-10-18 11:39:18","",""
"120100260","","ترمینال مادگی A1501","LHE:A1501-TP2","","0",NULL,"","2025-10-18 11:39:18","",""
"120100261","","ترمینال مادگی C2506-TP2","LHE:C2506-TP2","","0",NULL,"","2025-10-18 11:39:18","",""
"120100262","","ترمینال مادگی C25008-01PT","HCB:C25008-01PT","","0",NULL,"","2025-10-18 11:39:18","",""
"120100264","","C58001-12PT ترمینال مادگی","HCB:C58001-12PT(SCS1-PT)","","0",NULL,"","2025-10-18 11:39:18","",""
"120100265","","ترمینال مادگی 1-1217264","AMP:1217264-1","","0",NULL,"","2025-10-18 11:39:18","",""
"120100234","","ترمینال پرچمی آبکاری  TP2504-0038","HCB:TP2504-0038","","0",NULL,"","2025-10-18 11:39:18","",""
"120100235","","C25003-01RT(35053-9002) ترمینال نری","HCB: C25003-01RT   (35053-9002)","","0",NULL,"","2025-10-18 11:39:18","",""
"120100239","","ترمینال ST730993-3","ST730993-3","","0",NULL,"","2025-10-18 11:39:18","",""
"120100242","","ترمینال TS1002-0102","HCB:TS1002-0102","","0",NULL,"","2025-10-18 11:39:18","",""
"120100236","","TP1872-7035 ترمینال مادگی","HCB:TP1872-7035","","0",NULL,"","2025-10-18 11:39:18","",""
"120100243","","TP1872-7025 ترمینال مادگی","HCB:TP1872-7025","","0",NULL,"","2025-10-18 11:39:18","",""
"120100244","","TP2502-0028 ترمینال مادگی","HCB:TP2502-0028","","0",NULL,"","2025-10-18 11:39:18","",""
"120100241","","TP2502-7038 ترمینال مادگی","HCBTP2502-7038-LX: LX6H25T028-03(170328-1)","","0",NULL,"","2025-10-18 11:39:18","",""
"120100240","","ترمینال مادگی LX6N800002-01(2031)","LX: LX6N800002-01(2031)","","0",NULL,"","2025-10-18 11:39:18","",""
"120100238","","C2507-TP2 ترمینال نری","C2507-TP2","","0",NULL,"","2025-10-18 11:39:18","",""
"120100245","","ترمینال مادگی   WB20L-61209","WB20L-61209","","0",NULL,"","2025-10-18 11:39:18","",""
"120110182","","731329-3   ترمینال","","","0",NULL,"","2025-10-18 11:39:18","",""
"120100247","","ترمینال پرچمی ابکاری 4/8","TB2223.80","","0",NULL,"","2025-10-18 11:39:18","",""
"120100248","","ترمینال مهره خور حفره 6 سایز 6","","","0",NULL,"","2025-10-18 11:39:18","",""
"120100249","","ترمینال نری خاردار 6/3 پایه کوتاه","SF1EU1KM(6.3) RP 0100101193","","0",NULL,"","2025-10-18 11:39:18","",""
"120110174","","ترمینال لول نری","TKS1801","","0",NULL,"","2025-10-18 11:39:18","",""
"120140166","","روکش پایه ترمینال  لول نری","","","0",NULL,"","2025-10-18 11:39:18","",""
"120110175","","ترمینال  مهره خور 6(سایز 9)","","","0",NULL,"","2025-10-18 11:39:18","",""
"120110176","","ترمینال کولری مادگی چاکدار سایز 1.5","MT530057-1","","0",NULL,"","2025-10-18 11:39:18","",""
"120110178","","ترمینال نری ساده (0.75-2)","KET:ST740255-1","","0",NULL,"","2025-10-18 11:39:18","",""
"120110179","","ترمینال مادگی چاکدار سایز(0.3-0.5) ابکاری","KET: ST730173-2","","0",NULL,"","2025-10-18 11:39:18","",""
"120100218","","ترمینال نری C20003-01RT(SPNI-001T-P0.5)","ZUCH: TR2001J-3(A)-C20003-01RT(SPNI-001T-P0.5)","","0",NULL,"","2025-10-18 11:39:18","",""
"120100219","","ترمینال مادگی C20003-01PT(SPND-001T-C0.5)","HCB: C20003-01PT(SPND-001T-C0.5) -  JST: SPND-001T-C0.5-   ZUCH: TP2001J-3(A)","","0",NULL,"","2025-10-18 11:39:18","",""
"120100220","","ترمینال خاردار 2.8 آبکاری TP1101-2115(2.8X0.5)","TP1101-2115(2.8X0.5)","","0",NULL,"","2025-10-18 11:39:18","",""
"120100221","","ترمینال مادگی C42002-02PT(RV42-PT)","ZUCH: TP4202J-3(B)-C42002-02PT(RV42-PT)","","0",NULL,"","2025-10-18 11:39:18","",""
"120110154","","ترمینال نری پرایدی 6/3 پایه متوسط","","","0",NULL,"","2025-10-18 11:39:18","",""
"120100224","","ترمینال ST 730141-1","","","0",NULL,"","2025-10-18 11:39:18","",""
"120110153","","ترمینال كلمپ درشت TEK-2853(اسپیلایس)","","","0",NULL,"","2025-10-18 11:39:18","",""
"120100216","","ترمینال کلمپ درشت (اسپیلایس) 2854","","","0",NULL,"","2025-10-18 11:39:18","",""
"120110133","","ترمینال مادگی PHBA2003-TP2","","","0",NULL,"","2025-10-18 11:39:18","",""
"120110130","","ترمینال مادگی A1251-TP2","","","0",NULL,"","2025-10-18 11:39:18","",""
"120110131","","ترمینال مادگی GHA1256-TP2","","","0",NULL,"","2025-10-18 11:39:18","",""
"120110132","","ترمینال مادگی PHA2001","","","0",NULL,"","2025-10-18 11:39:18","",""
"120110136","","ترمینال اینورتر (DEP1-00105)","AMP: 5-170063-2","","0",NULL,"","2025-10-18 11:39:18","",""
"120110137","","ترمینال مادگی 2.8","6228021152(8240-4092)","","0",NULL,"","2025-10-18 11:39:18","",""
"120110134","","ترمینال مادگی A2005-TP2","","","0",NULL,"","2025-10-18 11:39:18","",""
"120110129","","ترمینال مادگی YST025","","","0",NULL,"","2025-10-18 11:39:18","",""
"120100211","","ترمینال پرچمی آبكاری شده (دهنه 0.7)","0101104122(SF1D EGRI (B) (6.3) RPK)","","0",NULL,"","2025-10-18 11:39:18","",""
"120100212","","ترمینال پرچمی 7/7","0100104025(SF2.5D EGRI TIR (7.7) RP)","","0",NULL,"","2025-10-18 11:39:18","",""
"120100213","","ترمینال دهنه ماهی پایه کوتاه","0101106008(SF29DK-V RPK)","","0",NULL,"","2025-10-18 11:39:18","",""
"120100210","","ترمینال نری پایه متوسط    MIC IV","DJ614-2.8×0.8B      AMP: 142755-1","","0",NULL,"","2025-10-18 11:39:18","",""
"120110125","","ترمینال مادگی 6/3 پشت چاکدار پایه کوتاه","MET:MT530173-1   KET:ST730173-1","","0",NULL,"","2025-10-18 11:39:18","",""
"120110103","","ترمینال YEONHO 15001TS","","","0",NULL,"","2025-10-18 11:39:18","",""
"120110106","","ترمینال نری خاردار 6/3 پایه متوسط","SF1EU1K (6.3) RP(0100101015)","","0",NULL,"","2025-10-18 11:39:18","",""
"120110105","","ترمینال نری پایه بلند ATX (5558T-39000040)","faf: B420001-3(5557-A)","","0",NULL,"","2025-10-18 11:39:18","",""
"120100134","","ترمینال A2505-TP","","","0",NULL,"","2025-10-18 11:39:18","",""
"120100133","","ترمینال مادگی YRT110-SL","","","0",NULL,"","2025-10-18 11:39:18","",""
"120100135","","ترمینال 6/3 پشت نری آبکاری شده","MESA: TD-2124    HCB: TP2501-3028","","0",NULL,"","2025-10-18 11:39:18","",""
"120100136","","ترمینال كلمپ (اسپیلایس) کد 1-560145","","","0",NULL,"","2025-10-18 11:39:18","",""
"120100137","","ترمینال كلمپ (اسپیلایس) کد UFM146","","","0",NULL,"","2025-10-18 11:39:18","",""
"120100138","","ترمینال كلمپ (اسپیلایس) کد UFM178","","","0",NULL,"","2025-10-18 11:39:18","",""
"120100139","","ترمینال مادگی پایه کوتاه","FCI:211CC2S1160   LHE:6215020053  AHI:AH627-A1.5*0.8A","","0",NULL,"","2025-10-18 11:39:18","",""
"120100146","","ترمینال مادگی پایه کوتاه سوکت PR-82-M","","","0",NULL,"","2025-10-18 11:39:18","",""
"120100147","","ترمینال مادگی پایه بلند سوکت PR-82-M","","","0",NULL,"","2025-10-18 11:39:18","",""
"120100148","","ترمینال مادگی  پایه بلند 2-1.5","FCI:211CC2S2160","","0",NULL,"","2025-10-18 11:39:18","",""
"120100149","","ترمینال مادگی پایه کوتاه کانکتور جعبه فیوز ST780377-3","","","0",NULL,"","2025-10-18 11:39:18","",""
"120100150","","ترمینال مادگی پایه بلند کانکتور جعبه فیوز ST780378-3","","","0",NULL,"","2025-10-18 11:39:18","",""
"120100151","","ترمینال مادگی 6/3 پشت صاف پایه کوتاه آبکاری ST730267-3","KET: ST730267-3  AHI:  629-6.3A","","0",NULL,"","2025-10-18 11:39:18","",""
"120100152","","ترمینال مادگی 6/3 پشت صاف پایه بلند آبکاری","KET:730269-3","","0",NULL,"","2025-10-18 11:39:18","",""
"120100153","","ترمینال مادگی کانکتور نری دو خانه L شکل ST730026-3","","","0",NULL,"","2025-10-18 11:39:18","",""
"120100154","","ترمینال مادگی","ST730852-3","","0",NULL,"","2025-10-18 11:39:18","",""
"120100157","","ترمینال مادگی کانکتورهجده خانه با کد:1379100-2","","","0",NULL,"","2025-10-18 11:39:18","",""
"120100158","","ترمینال مادگی پایه کوتاه مستطیلی","967542-1","","0",NULL,"","2025-10-18 11:39:18","",""
"120100159","","ترمینال مادگی پایه متوسط","ST730624-3","","0",NULL,"","2025-10-18 11:39:18","",""
"120100160","","ترمینال نری پایه کوتاه کانکتور دو خانه فنر خور سیل دار 185026-1","","","0",NULL,"","2025-10-18 11:39:18","",""
"120100162","","ترمینال مهره خور 8","ST710285-2","","0",NULL,"","2025-10-18 11:39:18","",""
"120100163","","ترمینال مادگی","7116-3703-02","","0",NULL,"","2025-10-18 11:39:18","",""
"120100164","","ترمینال مادگی","15304720","","0",NULL,"","2025-10-18 11:39:18","",""
"120100165","","ترمینال مادگی","7116-4142-02","","0",NULL,"","2025-10-18 11:39:18","",""
"120100166","","ترمینال مادگی پایه بلند کانکتور نری 10 خانه تایکو 171630-1","","","0",NULL,"","2025-10-18 11:39:18","",""
"120100169","","ترمینال مادگی کانکتور دو خانه ردیفی 142686-1","SF40D RFK","","0",NULL,"","2025-10-18 11:39:18","",""
"120100170","","ترمینال مادگی","KET:ST730689-3   Sumitomo:8100-0460","","0",NULL,"","2025-10-18 11:39:18","",""
"120100171","","ترمینال مادگی پایه بلند مستطیلی","967543-1","","0",NULL,"","2025-10-18 11:39:18","",""
"120100173","","ترمینال مادگی کانکتور تک خانه نری سوتی مشکی ST730057-2","","","0",NULL,"","2025-10-18 11:39:18","",""
"120100174","","ترمینال لول مادگی","ST730317-3","","0",NULL,"","2025-10-18 11:39:18","",""
"120100175","","ترمینال مادگی کانکتور تک خانه نری ماشینی ST730380-3","ST730380-3","","0",NULL,"","2025-10-18 11:39:18","",""
"120100178","","ترمینال اسپلایس ST760149-2","","","0",NULL,"","2025-10-18 11:39:18","",""
"120100179","","ترمینال اسپلایس ST760146-2","","","0",NULL,"","2025-10-18 11:39:18","",""
"120100180","","ترمینال اسپلایس ST760145-2","","","0",NULL,"","2025-10-18 11:39:18","",""
"120100181","","ترمینال اسپلایس ST760344-2","","","0",NULL,"","2025-10-18 11:39:18","",""
"120100182","","ترمینال مادگی پایه کوتاه کانکتور دو خانه نری استوانه ای MG640165","","","0",NULL,"","2025-10-18 11:39:18","",""
"120100185","","ترمینال نری پایه کوتاه کانکتورفیوز اصلی پراید ST740109-3","","","0",NULL,"","2025-10-18 11:39:18","",""
"120100186","","ترمینال نری پایه بلند کانکتورفیوز اصلی پراید ST740110-3","","","0",NULL,"","2025-10-18 11:39:18","",""
"120100187","","ترمینال مهره خور ST710246-2","","","0",NULL,"","2025-10-18 11:39:18","",""
"120100192","","ترمینال مادگی پایه بلند","ST730381-3","","0",NULL,"","2025-10-18 11:39:18","",""
"120100194","","ترمینال مادگی کانکتور نری  تک خانه ST730902-3","","","0",NULL,"","2025-10-18 11:39:18","",""
"120100195","","ترمینال مادگی کانکتور 2 خانه نری ST730411-3","","","0",NULL,"","2025-10-18 11:39:18","",""
"120100196","","ترمینال نری 0.3 تا 0.5","KET : ST740672-3   AHI : AH616-2.2*0.6A","","0",NULL,"","2025-10-18 11:39:18","",""
"120100197","","ترمینال نری 0.85 تا 1.25","KET : ST740673-3   AHI : AH616-2.2*0.6B","","0",NULL,"","2025-10-18 11:39:18","",""
"120100198","","ترمینال نری کانکتور مادگی 16 خانه 2-368050-3","","","0",NULL,"","2025-10-18 11:39:18","",""
"120100199","","ترمینال مهره خورST710447-2","","","0",NULL,"","2025-10-18 11:39:18","",""
"120100200","","ترمینال نری پایه کوتاه کانکتورهفت خانه مادگی ST740260-3","","","0",NULL,"","2025-10-18 11:39:18","",""
"120100201","","ترمینال نری پایه بلند کانکتورهفت خانه مادگی ST740261-3","","","0",NULL,"","2025-10-18 11:39:18","",""
"120100202","","ترمینال مادگی کانکتور پنج خانه نری ST730259-3","KET:ST730259-3","","0",NULL,"","2025-10-18 11:39:18","",""
"120100203","","ترمینال مادگی کانکتور دو خانه ST730898-3","","","0",NULL,"","2025-10-18 11:39:18","",""
"120100204","","ترمینال مادگی کانکتور دو خانه ST730351-2","","","0",NULL,"","2025-10-18 11:39:18","",""
"120100205","","ترمینال نری پایه کوتاه  کانکتورهفت خانه مادگی ST 740260-3","","","0",NULL,"","2025-10-18 11:39:18","",""
"120100206","","ترمینال نری پایه بلند  کانکتورهفت خانه مادگی ST 740261-3","","","0",NULL,"","2025-10-18 11:39:18","",""
"120100207","","ترمینال نری 3تایی کانکتور فیوز اصلی پراید","","","0",NULL,"","2025-10-18 11:39:18","",""
"120110107","","ترمینال نری خاردار 6/3 پایه بلند","Mesa:TE2308 DP      HATKO:0100101003","","0",NULL,"","2025-10-18 11:39:18","",""
"120110108","","ترمینال 6/3  پشت چاکدار پایه بلند TD 2112","","","0",NULL,"","2025-10-18 11:39:18","",""
"120110109","","ترمینال مادگی 917684.1","","","0",NULL,"","2025-10-18 11:39:18","",""
"120110110","","ترمینال مادگی مکعبی 1744201.1","","","0",NULL,"","2025-10-18 11:39:18","",""
"120110111","","ترمینال نری  پرایدی 6/3 آبکاری پایه بلند","ST740255-3","","0",NULL,"","2025-10-18 11:39:18","",""
"120110112","","ترمینال مادگی پایه کوتاه ST730641-3","","","0",NULL,"","2025-10-18 11:39:18","",""
"120110113","","ترمینال مهره خور کوچک","","","0",NULL,"","2025-10-18 11:39:18","",""
"120110114","","ترمینال نری پایه کوتاه ST741084-3","","","0",NULL,"","2025-10-18 11:39:18","",""
"120110115","","ترمینال مهره خور  ST710236-3","","","0",NULL,"","2025-10-18 11:39:18","",""
"120110116","","ترمینال مادگی 35068.9802","","","0",NULL,"","2025-10-18 11:39:18","",""
"120110117","","ترمینال مادگی پایه بلند ST730638-3","HXH: HX62003-PT(730638-3)    KET: ST730638-3","","0",NULL,"","2025-10-18 11:39:18","",""
"120110119","","ترمینال مادگی 65001TS","","","0",NULL,"","2025-10-18 11:39:18","",""
"120110120","","ترمینال مادگی 35021.1001","","","0",NULL,"","2025-10-18 11:39:18","",""
"120110121","","ترمینال مادگی 170063.2","","","0",NULL,"","2025-10-18 11:39:18","",""
"120110122","","ترمینال مادگی 03507209802","","","0",NULL,"","2025-10-18 11:39:18","",""
"120110123","","ترمینال مادگی ST731081-3","","","0",NULL,"","2025-10-18 11:39:18","",""
"120110124","","ترمینال پرچمی قفلدار 175057.1","","","0",NULL,"","2025-10-18 11:39:18","",""
"120100209","","ترمینال مادگی 4/8 آبكاری شده كلید دار","","","0",NULL,"","2025-10-18 11:39:18","",""
"120100001","","ترمینال نری نك پك (357450110)","FAF:B450003-3-I","","0",NULL,"","2025-10-18 11:39:18","",""
"120100003","","ترمینال نری نك پم (357450210)","","","0",NULL,"","2025-10-18 11:39:18","",""
"120100004","","ترمینال مادگی نك پم (357460210)","","","0",NULL,"","2025-10-18 11:39:18","",""
"120100005","","ترمینال نری نك پب (357450310)","","","0",NULL,"","2025-10-18 11:39:18","",""
"120100006","","ترمینال مادگی نك پب (357460310)","","","0",NULL,"","2025-10-18 11:39:18","",""
"120100007","","ترمینال نری پك (357470110)","FAF:B450003-3-II","","0",NULL,"","2025-10-18 11:39:18","",""
"120100009","","ترمینال نری پب (357470310)","","","0",NULL,"","2025-10-18 11:39:18","",""
"120100010","","ترمینال مادگی پب (357480310)","","","0",NULL,"","2025-10-18 11:39:18","",""
"120100011","","ترمینال نری پم (357470210)","","","0",NULL,"","2025-10-18 11:39:18","",""
"120100012","","ترمینال مادگی پم (357480210)","","","0",NULL,"","2025-10-18 11:39:18","",""
"120100013","","ترمینال مادگی 6/3 پایه بلند پشت چاكدار","","","0",NULL,"","2025-10-18 11:39:18","",""
"120100017","","ترمینال مادگی 6/3 خاردار","MESA: TD 2114.80 RP","","0",NULL,"","2025-10-18 11:39:18","",""
"120100020","","ترمینال مادگی 4/8","0100104014(SF1D MINI (A) (4.8) RP)","","0",NULL,"","2025-10-18 11:39:18","",""
"120100022","","ترمینال نری خاردار 4/8","","","0",NULL,"","2025-10-18 11:39:18","",""
"120100025","","ترمینال مهره خور 6","KET:ST710236-1","","0",NULL,"","2025-10-18 11:39:18","",""
"120100026","","ترمینال پرچمی","TB2203.80","","0",NULL,"","2025-10-18 11:39:18","",""
"120100027","","ترمینال پشت نری","0100104403(SF1DE TEK ZIM-90 (6.3) RP)","","0",NULL,"","2025-10-18 11:39:18","",""
"120100028","","ترمینال كلمپ ریز (اسپیلایس)","","","0",NULL,"","2025-10-18 11:39:18","",""
"120100030","","ترمینال كلمپ درشت MT560149-1 (اسپیلایس)","KET:760149-1","","0",NULL,"","2025-10-18 11:39:18","",""
"120100031","","ترمینال نری تلفنی خاردار","","","0",NULL,"","2025-10-18 11:39:18","",""
"120100032","","ترمینال مادگی تلفنی (ST730099-1)","","","0",NULL,"","2025-10-18 11:39:18","",""
"120100033","","ترمینال مادگی لول 3/5","","","0",NULL,"","2025-10-18 11:39:18","",""
"120100034","","ترمینال دهانه ماهی escubido  8441.01","","","0",NULL,"","2025-10-18 11:39:18","",""
"120100035","","ترمینال مادگی 6/3 escubido  4831.01","","","0",NULL,"","2025-10-18 11:39:18","",""
"120100038","","ترمینال پرچمی آبكاری شده","KET:730119-2  & HATKO:101104012       MESA: TB2203.80 RPK","","0",NULL,"","2025-10-18 11:39:18","",""
"120100039","","ترمینال مادگی 6/3 آبكاری شده پایه بلند( 357254610)","","","0",NULL,"","2025-10-18 11:39:18","",""
"120100040","","ترمینال مادگی 6/3 آبكاری شده پایه كوتاه (357254510)","","","0",NULL,"","2025-10-18 11:39:18","",""
"120100041","","ترمینال پرچمی 6/3 خاص (357252610)","","","0",NULL,"","2025-10-18 11:39:18","",""
"120100044","","ترمینال مهره خور 4  SKN1-04RP","","","0",NULL,"","2025-10-18 11:39:18","",""
"120100046","","ترمینال پرچمی ST730619-3","","","0",NULL,"","2025-10-18 11:39:18","",""
"120100048","","ترمینال مهره خور 4 خورشیدی آبكاری شده  TS 2434  RPK","","","0",NULL,"","2025-10-18 11:39:18","",""
"120100049","","ترمینال پرچمی ST730220-5","","","0",NULL,"","2025-10-18 11:39:18","",""
"120100050","","ترمینال پرچمی ST731017-6","","","0",NULL,"","2025-10-18 11:39:18","",""
"120100051","","ترمینال نری KET  ST740466-3","","","0",NULL,"","2025-10-18 11:39:18","",""
"120100052","","ترمینال نری KET  ST741176-3","","","0",NULL,"","2025-10-18 11:39:18","",""
"120100053","","ترمینال نری KET  ST740834-3","","","0",NULL,"","2025-10-18 11:39:18","",""
"120100054","","ترمینال دهنه ماهی YEONHO YTT500","","","0",NULL,"","2025-10-18 11:39:18","",""
"120100055","","ترمینال مادگی  SYF-41T-P0.5","FAF:YL-Y1     FAF: B450002-4A    JST: syF-41t-p0.5","","0",NULL,"","2025-10-18 11:39:18","",""
"120100056","","ترمینال نری  SYM-41T-P0.5 A","FAF:YL-A1   FAF: B450002-3A     JST: sym-41t-p0.5a","","0",NULL,"","2025-10-18 11:39:18","",""
"120100057","","ترمینال مادگی مولکس (350979812)","","","0",NULL,"","2025-10-18 11:39:18","",""
"120100058","","ترمینال نری خاردار 6/3 آبکاری","ST740050-3","","0",NULL,"","2025-10-18 11:39:18","",""
"120100059","","ترمینال نری L6-2","","","0",NULL,"","2025-10-18 11:39:18","",""
"120100060","","ترمینال مادگی L6-2","C6201-TP2","","0",NULL,"","2025-10-18 11:39:18","",""
"120100061","","ترمینال نری AMP  177916-1","FAF:B396010-3-II","","0",NULL,"","2025-10-18 11:39:18","",""
"120100062","","ترمینال مادگی KET  ST731016-3","","","0",NULL,"","2025-10-18 11:39:18","",""
"120100063","","ترمینال نری KET  ST741175-3","","","0",NULL,"","2025-10-18 11:39:18","",""
"120100064","","ترمینال نری KET  ST741304-3","","","0",NULL,"","2025-10-18 11:39:18","",""
"120100065","","ترمینال مادگی KET  ST731171-3","","","0",NULL,"","2025-10-18 11:39:18","",""
"120100066","","ترمینال نری KET  ST740819-3","","","0",NULL,"","2025-10-18 11:39:18","",""
"120100067","","ترمینال نری KET  ST740833-3","","","0",NULL,"","2025-10-18 11:39:18","",""
"120100068","","ترمینال نری KET  ST740832-3","","","0",NULL,"","2025-10-18 11:39:18","",""
"120100069","","ترمینال نری KET  ST740813-3","","","0",NULL,"","2025-10-18 11:39:18","",""
"120100070","","ترمینال مادگی KET  ST730826-3","","","0",NULL,"","2025-10-18 11:39:18","",""
"120100073","","ترمینال مهره خور  KET  ST710286-3","","","0",NULL,"","2025-10-18 11:39:18","",""
"120100074","","ترمینال پرچمی  KET  ST731079-3","HCB:TP1873-6035","","0",NULL,"","2025-10-18 11:39:18","",""
"120100075","","ترمینال مادگی  KET  ST730222-3","0101104578(SF21DKM (6.3) RPK)","","0",NULL,"","2025-10-18 11:39:18","",""
"120100076","","ترمینال مادگی  KET  ST730571-3","KET:ST730571-3","","0",NULL,"","2025-10-18 11:39:18","",""
"120100077","","ترمینال نری پرایدی 6/3 آبکاری","","","0",NULL,"","2025-10-18 11:39:18","",""
"120100078","","ترمینال نری  ST741130","","","0",NULL,"","2025-10-18 11:39:18","",""
"120100079","","ترمینال کابلشو ته گرد مسی فیوز (ته گرد)","","","0",NULL,"","2025-10-18 11:39:18","",""
"120100081","","ترمینال مادگی  SYF-01T-P0.5","FAF:YL-Y2  FAF: B450002-4B    JST: syF-01t-p0.5","","0",NULL,"","2025-10-18 11:39:18","",""
"120100082","","ترمینال مادگی تلفنی آبکاری شده (ST730099-3)","","","0",NULL,"","2025-10-18 11:39:18","",""
"120100084","","ترمینال مادگی 6/3 پشت صاف ابکاری 730268ST","KET  ST730268-3","","0",NULL,"","2025-10-18 11:39:18","",""
"120100085","","ترمینال نری پرایدی  6/3 آبکاری    KET: ST740254-3","KET  ST740254-3","","0",NULL,"","2025-10-18 11:39:18","",""
"120100087","","ترمینال KET  ST731082-3","","","0",NULL,"","2025-10-18 11:39:18","",""
"120100088","","ترمینال مادگی KET  ST730569-3","","","0",NULL,"","2025-10-18 11:39:18","",""
"120110002","","ترمینال XH كد A2501","","","0",NULL,"","2025-10-18 11:39:18","",""
"120110003","","ترمینال نری SM كد C2501-TP2","KET: ST740334-3","","0",NULL,"","2025-10-18 11:39:18","",""
"120110004","","ترمینال مادگی SM كد C2502-TP2","KET: ST730335-3","","0",NULL,"","2025-10-18 11:39:18","",""
"120110005","","ترمینال نری SL پایه کوتاه كد SSM-01T-P1.4","FAF:SL-A","","0",NULL,"","2025-10-18 11:39:18","",""
"120110006","","ترمینال مادگی SL كد SSF-01T-P1.4","FAF:SL-Y-B","","0",NULL,"","2025-10-18 11:39:18","",""
"120110007","","ترمینال نری XM كد SXM-001T-P0.6","FAF:XM-A","","0",NULL,"","2025-10-18 11:39:18","",""
"120110008","","ترمینال مادگی XM كد SXA-001T-P0.6","","","0",NULL,"","2025-10-18 11:39:18","",""
"120110009","","ترمینال نری ATX","","","0",NULL,"","2025-10-18 11:39:18","",""
"120110010","","ترمینال مادگی ATX      5556T2(39000046)","5556-T2","","0",NULL,"","2025-10-18 11:39:18","",""
"120110011","","ترمینال نری لول خاص tye 2705","AMP:350218-1  -LX: LX6N635001-02(350218-1)","","0",NULL,"","2025-10-18 11:39:18","",""
"120110012","","ترمینال مادگی لول خاص","","","0",NULL,"","2025-10-18 11:39:18","",""
"120110013","","ترمینال نری لول خاص كره ای","","","0",NULL,"","2025-10-18 11:39:18","",""
"120110014","","ترمینال BLDC كد HM2010001","","","0",NULL,"","2025-10-18 11:39:18","",""
"120110016","","ترمینال مدار فرمان (شاتر) كد YST025L","","","0",NULL,"","2025-10-18 11:39:18","",""
"120110017","","ترمینال پین پاور مادگی el","","","0",NULL,"","2025-10-18 11:39:18","",""
"120110018","","ترمینال پین پاورهارد ماده DPF","","","0",NULL,"","2025-10-18 11:39:18","",""
"120110019","","ترمینال پین پاورهارد نری DPM","","","0",NULL,"","2025-10-18 11:39:18","",""
"120110020","","ترمینال وایر شو (E0508)","","","0",NULL,"","2025-10-18 11:39:18","",""
"120110021","","ترمینال wst كد I25019PS-2","","","0",NULL,"","2025-10-18 11:39:18","",""
"120110022","","ترمینال مكعبی بدون خار مولكس (502179001)","","","0",NULL,"","2025-10-18 11:39:18","",""
"120110024","","ترمینال مهره خور 10- سوراخ 8  آبكاری شده","","","0",NULL,"","2025-10-18 11:39:18","",""
"120110025","","ترمینال مهره خور 10- سوراخ 8","","","0",NULL,"","2025-10-18 11:39:18","",""
"120110026","","ترمینال نری ساژم","","","0",NULL,"","2025-10-18 11:39:18","",""
"120110027","","ترمینال مادگی ساژم","","","0",NULL,"","2025-10-18 11:39:18","",""
"120110028","","ترمینال دوشاخ 6 ×2 آبی","","","0",NULL,"","2025-10-18 11:39:18","",""
"120110029","","ترمینال گرد 6-5 * 25 قرمز","","","0",NULL,"","2025-10-18 11:39:18","",""
"120110030","","ترمینال گرد 5*5/5 زرد","","","0",NULL,"","2025-10-18 11:39:18","",""
"120110031","","ترمینال گرد 6 * 5/5 زرد","","","0",NULL,"","2025-10-18 11:39:18","",""
"120110032","","ترمینال نری زیمنس","","","0",NULL,"","2025-10-18 11:39:18","",""
"120110033","","ترمینال مادگی زیمنس","","","0",NULL,"","2025-10-18 11:39:18","",""
"120110034","","ترمینال مادگی hl پایه متوسط كد SSF-21T-P1.4","FAF:SL-Y","","0",NULL,"","2025-10-18 11:39:18","",""
"120110035","","ترمینال نری   sym-01t-p0.5a   yl","FAF:YL-A2  FAF: B450002-3B   HCB: C45002-01RT   JST: sym-01t-p0.5a","","0",NULL,"","2025-10-18 11:39:18","",""
"120110038","","ترمینال نری EL","LHE: C4502-TP2     HXH: HX45003-21RT","","0",NULL,"","2025-10-18 11:39:18","",""
"120110040","","ترمینال دوشاخ 4*1.25 قرمز","","","0",NULL,"","2025-10-18 11:39:18","",""
"120110041","","ترمینال گرد قرمز4 RV 1/25-4S","","","0",NULL,"","2025-10-18 11:39:18","",""
"120110044","","ترمینال كولری قرمز","","","0",NULL,"","2025-10-18 11:39:18","",""
"120110045","","ترمینال گرد قرمز 6","","","0",NULL,"","2025-10-18 11:39:18","",""
"120110047","","ترمینال گرد قرمز5 RV 1/25-5S","","","0",NULL,"","2025-10-18 11:39:18","",""
"120110048","","ترمینال گرد آبی 3 Rv 2-3.2","","","0",NULL,"","2025-10-18 11:39:18","",""
"120110049","","ترمینال گرد آبی4 RV 2-4s","","","0",NULL,"","2025-10-18 11:39:18","",""
"120110050","","ترمینال مادگی پایه بلند ATX (5556T-39000038)","","","0",NULL,"","2025-10-18 11:39:18","",""
"120110053","","ترمینال MOLEX  0190020021","","","0",NULL,"","2025-10-18 11:39:18","",""
"120110054","","ترمینال ادگی 6/3 ابکاری","","","0",NULL,"","2025-10-18 11:39:18","",""
"120110055","","ترمینال CT 1140","","","0",NULL,"","2025-10-18 11:39:18","",""
"120110056","","ترمینال KET  ST730459-3","","","0",NULL,"","2025-10-18 11:39:18","",""
"120110057","","ترمینال نری KET  ST730948-3 (50008-21)","","","0",NULL,"","2025-10-18 11:39:18","",""
"120110058","","ترمینال مادگی KET  ST730869-3","","","0",NULL,"","2025-10-18 11:39:18","",""
"120110059","","ترمینال MOLEX  (0039000160) 5263PBT","","","0",NULL,"","2025-10-18 11:39:18","",""
"120110060","","ترمینال KET  ST730460-3","","","0",NULL,"","2025-10-18 11:39:18","",""
"120110062","","ترمینال KET  ST740464-3","","","0",NULL,"","2025-10-18 11:39:18","",""
"120110063","","ترمینال 8000-50212(EH-PT)","","","0",NULL,"","2025-10-18 11:39:18","",""
"120110064","","ترمینال MOLEX  50539-8000 VHT","","","0",NULL,"","2025-10-18 11:39:18","",""
"120110065","","ترمینال KET  ST760322-2","","","0",NULL,"","2025-10-18 11:39:18","",""
"120110066","","ترمینال KET  ST741266-3","","","0",NULL,"","2025-10-18 11:39:18","",""
"120110067","","ترمینال NRF-28090019","","","0",NULL,"","2025-10-18 11:39:18","",""
"120110069","","ترمینال YEONHO 25045TS","FAF:SX003-T1","","0",NULL,"","2025-10-18 11:39:18","",""
"120110070","","ترمینال KET  ST781321-1","","","0",NULL,"","2025-10-18 11:39:18","",""
"120110071","","ترمینال گرد قرمز 8","","","0",NULL,"","2025-10-18 11:39:18","",""
"120110072","","ترمینال گرد قرمز 3","","","0",NULL,"","2025-10-18 11:39:18","",""
"120110073","","ترمینال نری  PBT  5263","","","0",NULL,"","2025-10-18 11:39:18","",""
"120110074","","ترمینال نری ZUCH  TP25095M-3 (945291203)","","","0",NULL,"","2025-10-18 11:39:18","",""
"120110076","","ترمینال نری YTT500 (50008-01)","","","0",NULL,"","2025-10-18 11:39:18","",""
"120110078","","ترمینال دو راهی قرمز","","","0",NULL,"","2025-10-18 11:39:18","",""
"120110080","","ترمینال نری لول 3/5","","","0",NULL,"","2025-10-18 11:39:18","",""
"120110082","","ترمینال مادگی KET ST730838-3","","","0",NULL,"","2025-10-18 11:39:18","",""
"120110083","","ترمینال نری YEONHO 25045TP","","","0",NULL,"","2025-10-18 11:39:18","",""
"120110084","","ترمینال مكعبی خاردار كد YEONHO YT396(J)","","","0",NULL,"","2025-10-18 11:39:18","",""
"120110085","","ترمینال KET ST731262-3","","","0",NULL,"","2025-10-18 11:39:18","",""
"120110086","","ترمینال مادگی KET ST731172-3","","","0",NULL,"","2025-10-18 11:39:18","",""
"120110087","","ترمینال نری SL پایه متوسط كد SSM-21T-P1.4","FAF:SL-A-G","","0",NULL,"","2025-10-18 11:39:18","",""
"120110088","","ترمینال وایر شو (E7508)","","","0",NULL,"","2025-10-18 11:39:18","",""
"120110089","","ترمینال نری *","","","0",NULL,"","2025-10-18 11:39:18","",""
"120100119","","ترمینال نری KET ST740691-3","","","0",NULL,"","2025-10-18 11:39:18","",""
"120100120","","ترمینال مادگی 5-170063-2 AMP","","","0",NULL,"","2025-10-18 11:39:18","",""
"120100121","","ترمینال مادگی 5-170063-3 AMP","","","0",NULL,"","2025-10-18 11:39:18","",""
"120100122","","ترمینال نری 1-173681","AHI:AH6210-1.2S       AMP: 173681-1","","0",NULL,"","2025-10-18 11:39:18","",""
"120100123","","ترمینال نری 1-1674742","AHI: DJ614B-1S    Tyco:1674742-1","","0",NULL,"","2025-10-18 11:39:18","",""
"120100124","","ترمینال نری پایه کوتاه 1-142754","DJ614-2.8*0.8A","","0",NULL,"","2025-10-18 11:39:18","",""
"120100125","","ترمینال مادگی 1-144969","AHI: AH628-0.7A","","0",NULL,"","2025-10-18 11:39:18","",""
"120100126","","ترمینال دهنه ماهی 3-927768","","","0",NULL,"","2025-10-18 11:39:18","",""
"120100128","","ترمینال مادگی 6/3 پشت صاف پایه کوتاه ST730267-1","MET:MT530267-1     KET:ST730267-1","","0",NULL,"","2025-10-18 11:39:18","",""
"120100129","","ترمینال مادگی 986581211","","","0",NULL,"","2025-10-18 11:39:18","",""
"120100130","","ترمینال نری پایه کوتاه پژویی","","","0",NULL,"","2025-10-18 11:39:18","",""
"120100131","","ترمینال نری 6/3 پشت صاف خاردار","","","0",NULL,"","2025-10-18 11:39:18","",""
"120110098","","ترمینال KET  ST750207-3","","","0",NULL,"","2025-10-18 11:39:18","",""
"120110099","","ترمینال KET  ST730205-3","","","0",NULL,"","2025-10-18 11:39:18","",""
"120110100","","ترمینال KET  ST730306-3","","","0",NULL,"","2025-10-18 11:39:18","",""
"120100116","","ترمینال KET  ST780242-2","","","0",NULL,"","2025-10-18 11:39:18","",""
"120110097","","ترمینال نری SMT025","","","0",NULL,"","2025-10-18 11:39:18","",""
"120100117","","ترمینال مادگی KET ST730822-3","","","0",NULL,"","2025-10-18 11:39:18","",""
"120100118","","ترمینال نری KET ST740144-1","","","0",NULL,"","2025-10-18 11:39:18","",""
"120100089","","ترمینال مادگی SCS-PT1","","","0",NULL,"","2025-10-18 11:39:18","",""
"120100090","","ترمینال مادگی TJC2--PT","HXH:75003-PTHCB: C50008-01PT","","0",NULL,"","2025-10-18 11:39:18","",""
"120100091","","ترمینال مادگی U","","","0",NULL,"","2025-10-18 11:39:18","",""
"120110095","","ترمینال پاور معمولی","","","0",NULL,"","2025-10-18 11:39:18","",""
"120100093","","ترمینال مهره خور  SRA-51T-4  JST","","","0",NULL,"","2025-10-18 11:39:18","",""
"120100094","","ترمینال مادگی AMP 1742198-1","","","0",NULL,"","2025-10-18 11:39:18","",""
"120100095","","ترمینال مادگی HC624-6/3 B","","","0",NULL,"","2025-10-18 11:39:18","",""
"120100105","","ترمینال مادگی KET ST730568-3","","","0",NULL,"","2025-10-18 11:39:18","",""
"120100096","","ترمینال مادگی HC621-6/3 C","","","0",NULL,"","2025-10-18 11:39:18","",""
"120100097","","ترمینال مادگی  HC629-2/8 B","","","0",NULL,"","2025-10-18 11:39:18","",""
"120100098","","ترمینال مادگی HC623-6/3 C-C","","","0",NULL,"","2025-10-18 11:39:18","",""
"120100099","","ترمینال دهانه ماهی افقی پایه بلند","LX: LX6H500010-03(927865-1)  HCB: C50003-03PT","","0",NULL,"","2025-10-18 11:39:18","",""
"120100100","","ترمینال دهانه ماهی عمودی پایه کوتاه","LX: LX6N500009-01(927831-1)   HCB: C50003-13PT","","0",NULL,"","2025-10-18 11:39:18","",""
"120100101","","ترمینال دهانه ماهی پایه کوتاه HCB 7.731.376-2","","","0",NULL,"","2025-10-18 11:39:18","",""
"120100102","","ترمینال دهانه ماهی پایه کوتاه HCB 7.731.376-3","","","0",NULL,"","2025-10-18 11:39:18","",""
"120100103","","ترمینال نری HC211-2/1 A","","","0",NULL,"","2025-10-18 11:39:18","",""
"120100104","","ترمینال پرچمی HC631-6/3","","","0",NULL,"","2025-10-18 11:39:18","",""
"120100106","","ترمینال مادگی KET ST730567-3","","","0",NULL,"","2025-10-18 11:39:18","",""
"120100107","","ترمینال مادگی KET ST731394-3M","","","0",NULL,"","2025-10-18 11:39:18","",""
"120110096","","ترمینال YST200","","","0",NULL,"","2025-10-18 11:39:18","",""
"120100108","","ترمینال مادگی تلفنی خاردار","","","0",NULL,"","2025-10-18 11:39:18","",""
"120100115","","ترمینال پرچمی 6/3 کلیددار TB2218","","","0",NULL,"","2025-10-18 11:39:18","",""
"120100109","","ترمینال DS1104-1","","","0",NULL,"","2025-10-18 11:39:18","",""
"120100110","","ترمینال DS1106-1","","","0",NULL,"","2025-10-18 11:39:18","",""
"120100111","","ترمینال DS1107-1","","","0",NULL,"","2025-10-18 11:39:18","",""
"120100112","","ترمینال MOLEX 35760-7100","","","0",NULL,"","2025-10-18 11:39:18","",""
"120100113","","ترمینال مادگی  SCS-RT (PT2) امانی","","","0",NULL,"","2025-10-18 11:39:18","",""
"120100114","","ترمینال مادگی TJC2-PT امانی","","","0",NULL,"","2025-10-18 11:39:18","",""
"120110090","","ترمینال KET  ST730058-2","","","0",NULL,"","2025-10-18 11:39:18","",""
"120110091","","ترمینال نری 5558T2 (0039000048)","","","0",NULL,"","2025-10-18 11:39:18","",""
"120110093","","ترمینال نری ژاپنی","","","0",NULL,"","2025-10-18 11:39:18","",""
"120110094","","ترمینال مادگی ژاپنی","","","0",NULL,"","2025-10-18 11:39:18","",""
"120110092","","ترمینال پین پاورنری el","","","0",NULL,"","2025-10-18 11:39:18","",""
"120100092","","ترمینال مادگی  SCS-RT(PT2)","","","0",NULL,"","2025-10-18 11:39:18","",""
"120110207","","ترمینال 6/3 پشت نری آبکاری شده کلیددار","HCB: TP2502-3028","","0",NULL,"","2025-10-18 11:39:18","",""
"120110208","","ترمینال 4/8 پشت نری آبکاری شده","HCB: TP1871-3025","","0",NULL,"","2025-10-18 11:39:18","",""
"120100086","","ترمینال نری","","","0",NULL,"","2025-10-18 11:39:18","",""
"120100227","","ترمینال مادگی ?TYPE90","""MT530365-3ST730365-3""","","0",NULL,"","2025-10-18 11:39:18","",""
"120100229","","""ترمینال نری پایه بلندMIC IV""   به درخواست خودرویی غیر فعال شد.","""DJ614-2.8×0.8BAMP: 142755-1""","","0",NULL,"","2025-10-18 11:39:18","",""
"120100312","","""ترمینال نری (0.85-0.5)MIC-M/1  ""","172779-1","","0",NULL,"","2025-10-18 11:39:18","",""
"120100313","","""ترمینال نری (2-1.25)MIC-M/2""","172777-1","","0",NULL,"","2025-10-18 11:39:18","",""
"120100317","","ترمینال فیوز پیوسته 2تایی پایه کوتاه","PP0131901","","0",NULL,"","2025-10-18 11:39:18","",""
"120100322","","ترمینال مادگی پایه بلند  atx( 39000077)","5556-T3","","0",NULL,"","2025-10-18 11:39:18","",""
"120110191","","ترمینال مادگی پاور کامپیوتر XY-B-014","XY-B-014","","0",NULL,"","2025-10-18 11:39:18","",""
"120110192","","ترمینال مادگی پاور کامپیوتر XY-B-015","XY-B-015","","0",NULL,"","2025-10-18 11:39:18","",""
"120100303","","ترمینال نری پایه بلند MIC IV","AHI: AH614-2.8*0.8D","","0",NULL,"","2025-10-18 11:39:18","",""
"120110200","","ترمینال پرچمی 4.8 آبکاری شده پایه خاص(دهنه 0.5)","HCB:TP1873-0035     KET: ST730220-2","","0",NULL,"","2025-10-18 11:39:18","",""
"120110201","","ترمینال پشت چاکدار خاردار نکدار پایه بلند","TKS1226","","0",NULL,"","2025-10-18 11:39:18","",""
"120110202","","ترمینال میله ای نری","","","0",NULL,"","2025-10-18 11:39:18","",""
"120110203","","ترمینال دو شاخ SVS 2-5","","","0",NULL,"","2025-10-18 11:39:18","",""
"120110204","","ترمینال دو شاخ SVS 1.25-4","","","0",NULL,"","2025-10-18 11:39:18","",""
"120110205","","ترمینال دو شاخ SVS 2-4","","","0",NULL,"","2025-10-18 11:39:18","",""
"120100325","","ترمینال مادگی سایز 5-3","FCI:211CC3S3120    AHI:AH627-2.8*0.8D","","0",NULL,"","2025-10-18 11:39:18","",""
"120100326","","ترمینال مادگی سایز 5-3","AMP:173630-1   LHE:6218021078","","0",NULL,"","2025-10-18 11:39:18","",""
"120100327","","ترمینال مادگی","BOSCH:1928498056   LHE:6228011134","","0",NULL,"","2025-10-18 11:39:18","",""
"120100328","","ترمینال آبکاری  tks 1316","","","0",NULL,"","2025-10-18 11:39:18","",""
"120100329","","ترمینال مادگی پایه متوسط 1.3-0.8","FCI:211CC2S4160   LHE : 6215021054","","0",NULL,"","2025-10-18 11:39:18","",""
"120100330","","ترمینال مادگی پایه کوتاه TH/.025","AMP:1123343-1   LHE:6206420006","","0",NULL,"","2025-10-18 11:39:18","",""
"120100331","","ترمینال مادگی پایه کوتاه CPM4","144180-1   AH624-2.8*0.8A","","0",NULL,"","2025-10-18 11:39:18","",""
"120100332","","ترمینال مادگی  پایه متوسط CPM4","AMP:144181-1     AHI:AH624-2.8×0.8D","","0",NULL,"","2025-10-18 11:39:18","",""
"120100333","","ترمینال مادگی پایه پایه بلند CPM4","142753-2","","0",NULL,"","2025-10-18 11:39:18","",""
"120100334","","ترمینال نری پایه کوتاه 0.5-0.3","AMP:368088-1   LHE:6123020111","","0",NULL,"","2025-10-18 11:39:18","",""
"120100335","","ترمینال نری پایه متوسط 1-0.85","AMP:368087-1   LHE:6123022112","","0",NULL,"","2025-10-18 11:39:18","",""
"120100336","","ترمینال نری پایه بلند 2.5-2","AMP:368086-1 LHE : 6123023113","","0",NULL,"","2025-10-18 11:39:18","",""
"120100337","","ترمینال شانه ای JPT سایز 2.00-1.25","0-927766-3","","0",NULL,"","2025-10-18 11:39:18","",""
"120100338","","ترمینال شانه ای MT II سایز 0.2-0.5","0-962876-1   6215011057","","0",NULL,"","2025-10-18 11:39:18","",""
"120100339","","ترمینال مادگی","5-962885-1","","0",NULL,"","2025-10-18 11:39:18","",""
"120100340","","ترمینال مادگی TLC","6619228BSS","","0",NULL,"","2025-10-18 11:39:18","",""
"120100344","","ترمینال مادگی پشت خاردار","42100-2","","0",NULL,"","2025-10-18 11:39:18","",""
"120100345","","ترمینال مهره خور 8 سایز 8-4.8","ST710263-2","","0",NULL,"","2025-10-18 11:39:18","",""
"120100346","","ترمینال مهره خور 8 سایز 3-1.25","ST710448-2","","0",NULL,"","2025-10-18 11:39:18","",""
"120110206","","ترمینال مهره خور 6 پایه بلند آبکاری","ST710546-2","","0",NULL,"","2025-10-18 11:39:18","",""
"120100350","","ترمینال مادگی بزرگ پایه کوتاه","211CC3S1160","","0",NULL,"","2025-10-18 11:39:18","",""
"120100353","","ترمینال مادگی سوکت ایربگ","1411576-1","","0",NULL,"","2025-10-18 11:39:18","",""
"120100356","","ترمینال سوکت ایربگ(راست)","SSQSK-A03GJ-P-R","","0",NULL,"","2025-10-18 11:39:18","",""
"120100357","","ترمینال سوکت ایربگ(چپ)","SSQSK-A03GJ-P-L","","0",NULL,"","2025-10-18 11:39:18","",""
"120100358","","ترمینال مادگی TJC25014B","CWB:TJC25014B","","0",NULL,"","2025-10-18 11:39:18","",""
"120100359","","ترمینال مادگی  کلیددار آبکاری ST731261-3","KET: ST731261-3","","0",NULL,"","2025-10-18 11:39:18","",""
"120100360","","ترمینال TP3962M-3(4018)","ZUCH: TP3962M-3(4018)","","0",NULL,"","2025-10-18 11:39:18","",""
"120100361","","ترمینال مادگی کلید دار HX4.8GS-21T","HXH: HX4.8GS-21T","","0",NULL,"","2025-10-18 11:39:18","",""
"120100362","","ترمینال نری پهن پایه بلند","AH617-2.8X0.8D       211CL3S3120","","0",NULL,"","2025-10-18 11:39:18","",""
"120100363","","ترمینال مادگی پایه کوتاه","AH625-0.7A     M34S75C4F2","","0",NULL,"","2025-10-18 11:39:18","",""
"120100364","","ترمینال مادگی شانه ای دو لبه پایه  متوسط (1-3)","AH629-E6.3C2    144617-1","","0",NULL,"","2025-10-18 11:39:18","",""
"120100365","","ترمینال نری پایه کوتاه","173682    DJ612C-1X0.6A","","0",NULL,"","2025-10-18 11:39:18","",""
"120110209","","ترمینال YT250","YEONHO: YT250","","0",NULL,"","2025-10-18 11:39:18","",""
"120100366","","ترمینال مهره خور 5 آبکاری","KET: ST710197-2     -    FAF: C530002-4","","0",NULL,"","2025-10-18 11:39:18","",""
"120100367","","ترمینال مادگی SC41202-005A","sh: SC41202-005A","","0",NULL,"","2025-10-18 11:39:18","",""
"120100368","","ترمینال نری SC42205-005A","sh: SC42205-005A","","0",NULL,"","2025-10-18 11:39:18","",""
"120100371","","ترمینال مادگی پایه بلند ST731083-3","KET: ST731083-3","","0",NULL,"","2025-10-18 11:39:18","",""
"120100372","","ترمینال  TKS 1327","","","0",NULL,"","2025-10-18 11:39:18","",""
"120100373","","ترمینال  ST780802-3","KET:ST780802-3","","0",NULL,"","2025-10-18 11:39:18","",""
"120100374","","ترمینال    ST780803-3","KET:ST780803-3","","0",NULL,"","2025-10-18 11:39:18","",""
"120100375","","ترمینال   ST780801-3","KET:ST780801-3","","0",NULL,"","2025-10-18 11:39:18","",""
"120100376","","ترمینال   3- 927831","AMP: 927831-3","","0",NULL,"","2025-10-18 11:39:18","",""
"120100377","","ترمینال مادگی 6/3 آبکاری پایه کوتاه TP2501-1028","HCB: TP2501-1028","","0",NULL,"","2025-10-18 11:39:18","",""
"120100380","","ترمینال كلمپ متوسط اسپیلایس آبکاری(ST760320-2)","MESA: ST760320-2","","0",NULL,"","2025-10-18 11:39:18","",""
"120100381","","280708-2  ترمینال مادگی","AMP: 280708-2    LHE: A2543TP-TPE","","0",NULL,"","2025-10-18 11:39:18","",""
"120100382","","282618-1 ترمینال نری","AMP: 282618-1       LHE: A2543TMA-PM","","0",NULL,"","2025-10-18 11:39:18","",""
"120100383","","ترمینال مادگی شانه ای دولبه","AHI: AH629-E6.3B2","","0",NULL,"","2025-10-18 11:39:18","",""
"120100385","","ترمینال نری پرایدی  6/3 آبکاری پایه کوتاه","KET: ST740253-3","","0",NULL,"","2025-10-18 11:39:18","",""
"120100387","","ترمینال مادگی ST730625-3","KET: ST730625-3","","0",NULL,"","2025-10-18 11:39:18","",""
"120100388","","ترمینال مادگی ST730371-1","KET: ST730371-1","","0",NULL,"","2025-10-18 11:39:18","",""
"120100389","","430310001 ترمینال نری","MOLEX: 430310001","","0",NULL,"","2025-10-18 11:39:18","",""
"120100390","","430300001  ترمینال مادگی","MOLEX: 430300001","","0",NULL,"","2025-10-18 11:39:18","",""
"120100394","","ترمینال مادگی 1-917683","AMP: 917683-1","","0",NULL,"","2025-10-18 11:39:18","",""
"120100395","","ترمینال نری 1-917765","AMP: 917765-1    LX: LX6N250001-01      HCB : C25002-01RT","","0",NULL,"","2025-10-18 11:39:18","",""
"120110210","","ترمینال  نری کوتاه 6/3","TE2307-R   برند MESA","","0",NULL,"","2025-10-18 11:39:18","",""
"120100398","","ترمینال نری L6.2 (C6202-TP2)","","","0",NULL,"","2025-10-18 11:39:18","",""
"120100399","","ترمینال مادگی آبکاری  ST730901-3","THB: 0100312  KET: ST730901-3","","0",NULL,"","2025-10-18 11:39:18","",""
"120100401","","ترمینال نری خاردار ST740386-3","KET: ST740386-3","","0",NULL,"","2025-10-18 11:39:18","",""
"120100402","","ترمینال مادگی 183035-1","AMP: 183035-1","","0",NULL,"","2025-10-18 11:39:18","",""
"120100405","","ترمینال پایه متوسط DJ629-6.3×0.8b","ZJZ: DJ629-6.3×0.8b","","0",NULL,"","2025-10-18 11:39:18","",""
"120100406","","ترمینال پایه بلند DJ629-6.3×0.8c","ZJZ:DJ629-6.3×0.8c","","0",NULL,"","2025-10-18 11:39:18","",""
"120100407","","ترمینال مادگی فیوزی سایز (3-2)","KET: ST780418-3","","0",NULL,"","2025-10-18 11:39:18","",""
"120100408","","ترمینال مادگی فیوزی سایز (1.25-2)","KET: ST780419-3","","0",NULL,"","2025-10-18 11:39:18","",""
"120100409","","ترمینال فیوزی سایز (1.25-2)","KET: ST780416-3","","0",NULL,"","2025-10-18 11:39:18","",""
"120100410","","ترمینال مادگی فیوزی سایز (3-5)","KET: ST780417-3","","0",NULL,"","2025-10-18 11:39:18","",""
"120100411","","ترمینال نری خاردار ST740385-3","KET: ST740385-3","","0",NULL,"","2025-10-18 11:39:18","",""
"120100412","","ترمینال جعبه فیوز نیسان","","","0",NULL,"","2025-10-18 11:39:18","",""
"120100414","","ترمینال مادگی 4/8 زرد (TB2205.50 DP)","MESA : TB2205.50 DP","","0",NULL,"","2025-10-18 11:39:18","",""
"120100415","","ترمینال مادگی ST780666-3","KET: ST780666-3","","0",NULL,"","2025-10-18 11:39:18","",""
"120100416","","ترمینال مهره خور 5 آبکاری کوتاه (ST710155-3)","KET: ST710155-3","","0",NULL,"","2025-10-18 11:39:18","",""
"120100417","","ترمینال مادگی TKS 1239","TKS 1239","","0",NULL,"","2025-10-18 11:39:18","",""
"120100418","","ترمینال مادگی YT500-CL","YEONHO: YT500-CL","","0",NULL,"","2025-10-18 11:39:18","",""
"120120499","","ترمینالDJ627A-2.8A","","","0",NULL,"","2025-10-18 11:39:18","",""
"120100419","","ترمینال نری  پایه کوتاه کوچک 211CL2S1160","FCI: 211CL2S1160 AHI:AH617-1.5X0.8A LHE: 6115021055","","0",NULL,"","2025-10-18 11:39:18","",""
"120100420","","ترمینال مادگی 2-927824","AMP: 927824-2 AHI: AH629-E6.3D3","","0",NULL,"","2025-10-18 11:39:18","",""
"120100421","","ترمینال مادگی پایه کوتاه 4912-8240","SUMITOMO: 8240-4912 AHI: AH629-4.8×0.8A","","0",NULL,"","2025-10-18 11:39:18","",""
"120100422","","ترمینال مادگی پایه بلند 4932-8240","SUMITOMO: 8240-4932 AHI: AH629-4.8×0.8C","","0",NULL,"","2025-10-18 11:39:18","",""
"120100424","","ترمینال نری ST740830-3","","","0",NULL,"","2025-10-18 11:39:18","",""
"120100425","","ترمینال نری ST740817-3","","","0",NULL,"","2025-10-18 11:39:18","",""
"120100426","","ترمینال دهانه ماهی عمودی پایه بلند","""LX: LX6N500009-02(927833-1) HCB: C50003-14PT""","","0",NULL,"","2025-10-18 11:39:18","",""
"120100434","","ترمینال مهره خور 8 سایز 10","","","0",NULL,"","2025-10-18 11:39:18","",""
"120100435","","ترمینال با خم 90 درجه دینام","KB092-67-071  -   FATH: MT-93","","0",NULL,"","2025-10-18 11:39:18","",""
"120100436","","ترمینال مهره خور خم 135 درجه","FATH: MT-99","","0",NULL,"","2025-10-18 11:39:18","",""
"120100437","","ترمینال سیگمایی سایز 1.25 تا 2.5","FCI: 211CC3S2160     LHE: 6228022360","","0",NULL,"","2025-10-18 11:39:18","",""
"120100438","","ترمینال مادگی سایز 0.85 تا 1.25","TE: 368084-1     LHE: 6623022109","","0",NULL,"","2025-10-18 11:39:18","",""
"120100439","","ترمینال مادگی سایز 0.3 تا 0.5","TE: 316836-1     LHE: 6210020016","","0",NULL,"","2025-10-18 11:39:18","",""
"120100440","","ترمینال سیگمایی نری سایز0.75 تا 1","FCI: 211CL2S2160     LHE: 6115022056","","0",NULL,"","2025-10-18 11:39:18","",""
"120100441","","ترمینال مادگی سایز 0.3 تا 0.5 C2201-YT11","LHE: 620642006","","0",NULL,"","2025-10-18 11:39:18","",""
"120100443","","ترمینال مادگی SVF-42T-P2.0","JST: SVF-42T-P2.0","","0",NULL,"","2025-10-18 11:39:18","",""
"120100444","","ترمینال مادگی SVM-42T-P2.0","JST: SVM-42T-P2.0","","0",NULL,"","2025-10-18 11:39:18","",""
"120100445","","ترمینال نری SXAM-01T-P0.6","JST: SXAM-01T-P0.6","","0",NULL,"","2025-10-18 11:39:18","",""
"120100446","","ترمینال مادگی TP2507J-3","ZUCH: TP2507J-3","","0",NULL,"","2025-10-18 11:39:18","",""
"120100447","","ترمینال مادگی TP3970J-3","ZUCH: TP3970J-3","","0",NULL,"","2025-10-18 11:39:18","",""
"120100448","","ترمینال مادگی TP2503J-3","ZUCH: TP2503J-3","","0",NULL,"","2025-10-18 11:39:18","",""
"120100449","","ترمینال دهنه ماهی 2-927831","927831-2","","0",NULL,"","2025-10-18 11:39:18","",""
"120100450","","ترمینال دهنه ماهی 2-927833","927833-2","","0",NULL,"","2025-10-18 11:39:18","",""
"120100451","","ترمینال دهنه ماهی 2-927829","927829-2","","0",NULL,"","2025-10-18 11:39:18","",""
"120100454","","ترمینال نری KET  ST740816-3","","","0",NULL,"","2025-10-18 11:39:18","",""
"120100455","","ترمینال نری KET  ST740812-3","","","0",NULL,"","2025-10-18 11:39:18","",""
"120110211","","ترمینال مادگی سیل خور CJPTسایز 0.5 تا 1","TE : 929939-3   LHE : 6228011140","","0",NULL,"","2025-10-18 11:39:18","",""
"120100456","","ترمینال دهانه ماهی افقی پایه متوسط","HCB: C50003-01PT","","0",NULL,"","2025-10-18 11:39:18","",""
"120100459","","ترمینال دهانه ماهی افقی پایه کوتاه","HCB: C50003-02PT","","0",NULL,"","2025-10-18 11:39:18","",""
"120100461","","ترمینال  نری سوکت CAMERA","HL : 6619503BSS   AHI : AH611-0.8S","","0",NULL,"","2025-10-18 11:39:18","",""
"120100462","","ترمینال نری 2 تا 2.5","KET : ST740674-3   AHI : AH616-2.2*0.6C","","0",NULL,"","2025-10-18 11:39:18","",""
