"id","cut_id","size","description","status","tags","created_by","created_at","updated_at","deleted_at"
"270","23","300","","",NULL,"","2025-10-18 14:54:59","",""
"271","23","300","","",NULL,"","2025-10-18 14:54:59","",""
"272","23","300","","",NULL,"","2025-10-18 14:54:59","",""
"273","23","300","","",NULL,"","2025-10-18 14:54:59","",""
"274","23","300","","",NULL,"","2025-10-18 14:54:59","",""
"275","23","300","","",NULL,"","2025-10-18 14:54:59","",""
"276","23","300","","",NULL,"","2025-10-18 14:54:59","",""
"277","23","300","","",NULL,"","2025-10-18 14:54:59","",""
"278","23","300","","",NULL,"","2025-10-18 14:54:59","",""
"279","23","300","","",NULL,"","2025-10-18 14:54:59","",""
"280","24","300","","",NULL,"","2025-10-18 14:54:59","",""
"281","24","300","","",NULL,"","2025-10-18 14:54:59","",""
"282","24","300","","",NULL,"","2025-10-18 14:54:59","",""
"283","24","100","","",NULL,"","2025-10-18 14:54:59","",""
"284","25","300","","",NULL,"","2025-10-18 14:54:59","",""
"285","25","300","","",NULL,"","2025-10-18 14:54:59","",""
"286","25","300","","",NULL,"","2025-10-18 14:54:59","",""
"287","25","300","","",NULL,"","2025-10-18 14:54:59","",""
"288","25","300","","",NULL,"","2025-10-18 14:54:59","",""
"289","25","300","","",NULL,"","2025-10-18 14:54:59","",""
"290","25","300","","",NULL,"","2025-10-18 14:54:59","",""
"291","25","300","","",NULL,"","2025-10-18 14:54:59","",""
"292","25","300","","",NULL,"","2025-10-18 14:54:59","",""
"293","25","300","","",NULL,"","2025-10-18 14:54:59","",""
"294","26","300","","",NULL,"","2025-10-18 14:54:59","",""
"295","26","300","","",NULL,"","2025-10-18 14:54:59","",""
"296","26","300","","",NULL,"","2025-10-18 14:54:59","",""
"297","26","300","","",NULL,"","2025-10-18 14:54:59","",""
"298","26","300","","",NULL,"","2025-10-18 14:54:59","",""
"299","26","300","","",NULL,"","2025-10-18 14:54:59","",""
"300","26","300","","",NULL,"","2025-10-18 14:54:59","",""
"301","26","300","","",NULL,"","2025-10-18 14:54:59","",""
"302","26","300","","",NULL,"","2025-10-18 14:54:59","",""
"303","26","300","","",NULL,"","2025-10-18 14:54:59","",""
"304","27","300","","",NULL,"","2025-10-18 14:54:59","",""
"305","27","300","","",NULL,"","2025-10-18 14:54:59","",""
"306","27","300","","",NULL,"","2025-10-18 14:54:59","",""
"307","27","300","","",NULL,"","2025-10-18 14:54:59","",""
"308","27","300","","",NULL,"","2025-10-18 14:54:59","",""
"309","27","300","","",NULL,"","2025-10-18 14:54:59","",""
"310","27","300","","",NULL,"","2025-10-18 14:54:59","",""
"311","27","300","","",NULL,"","2025-10-18 14:54:59","",""
"312","27","300","","",NULL,"","2025-10-18 14:54:59","",""
"313","27","300","","",NULL,"","2025-10-18 14:54:59","",""
"314","28","300","","",NULL,"","2025-10-18 14:54:59","",""
"315","28","300","","",NULL,"","2025-10-18 14:54:59","",""
"316","28","300","","",NULL,"","2025-10-18 14:54:59","",""
"317","28","300","","",NULL,"","2025-10-18 14:54:59","",""
"318","28","300","","",NULL,"","2025-10-18 14:54:59","",""
"319","28","300","","",NULL,"","2025-10-18 14:54:59","",""
"320","28","300","","",NULL,"","2025-10-18 14:54:59","",""
"321","28","300","","",NULL,"","2025-10-18 14:54:59","",""
"322","28","300","","",NULL,"","2025-10-18 14:54:59","",""
"323","28","300","","",NULL,"","2025-10-18 14:54:59","",""
"324","29","250","","",NULL,"","2025-10-18 14:54:59","",""
"325","29","250","","",NULL,"","2025-10-18 14:54:59","",""
"326","30","300","","",NULL,"","2025-10-18 14:54:59","",""
"327","30","300","","",NULL,"","2025-10-18 14:54:59","",""
"328","30","300","","",NULL,"","2025-10-18 14:54:59","",""
"329","30","300","","",NULL,"","2025-10-18 14:54:59","",""
"330","30","300","","",NULL,"","2025-10-18 14:54:59","",""
"331","30","300","","",NULL,"","2025-10-18 14:54:59","",""
"332","30","300","","",NULL,"","2025-10-18 14:54:59","",""
"333","30","300","","",NULL,"","2025-10-18 14:54:59","",""
"334","30","300","","",NULL,"","2025-10-18 14:54:59","",""
"335","30","300","","",NULL,"","2025-10-18 14:54:59","",""
"336","30","300","","",NULL,"","2025-10-18 14:54:59","",""
"337","30","300","","",NULL,"","2025-10-18 14:54:59","",""
"338","30","300","","",NULL,"","2025-10-18 14:54:59","",""
"339","31","300","","",NULL,"","2025-10-18 14:54:59","",""
"340","31","300","","",NULL,"","2025-10-18 14:54:59","",""
"341","31","300","","",NULL,"","2025-10-18 14:54:59","",""
"342","31","300","","",NULL,"","2025-10-18 14:54:59","",""
"343","31","300","","",NULL,"","2025-10-18 14:54:59","",""
"344","31","300","","",NULL,"","2025-10-18 14:54:59","",""
"345","31","300","","",NULL,"","2025-10-18 14:54:59","",""
"346","31","300","","",NULL,"","2025-10-18 14:54:59","",""
"347","31","300","","",NULL,"","2025-10-18 14:54:59","",""
"348","31","300","","",NULL,"","2025-10-18 14:54:59","",""
"349","32","500","","",NULL,"","2025-10-18 14:54:59","",""
"350","32","500","","",NULL,"","2025-10-18 14:54:59","",""
"351","32","500","","",NULL,"","2025-10-18 14:54:59","",""
"352","32","500","","",NULL,"","2025-10-18 14:54:59","",""
"353","32","500","","",NULL,"","2025-10-18 14:54:59","",""
"354","32","500","","",NULL,"","2025-10-18 14:54:59","",""
"355","33","500","","",NULL,"","2025-10-18 14:54:59","",""
"356","33","500","","",NULL,"","2025-10-18 14:54:59","",""
"357","33","500","","",NULL,"","2025-10-18 14:54:59","",""
"358","33","500","","",NULL,"","2025-10-18 14:54:59","",""
"359","33","500","","",NULL,"","2025-10-18 14:54:59","",""
"360","33","500","","",NULL,"","2025-10-18 14:54:59","",""
"361","34","300","","",NULL,"","2025-10-18 14:54:59","",""
"362","34","300","","",NULL,"","2025-10-18 14:54:59","",""
"363","34","300","","",NULL,"","2025-10-18 14:54:59","",""
"364","34","300","","",NULL,"","2025-10-18 14:54:59","",""
"365","34","300","","",NULL,"","2025-10-18 14:54:59","",""
"366","34","300","","",NULL,"","2025-10-18 14:54:59","",""
"367","34","300","","",NULL,"","2025-10-18 14:54:59","",""
"368","34","300","","",NULL,"","2025-10-18 14:54:59","",""
"369","34","300","","",NULL,"","2025-10-18 14:54:59","",""
"370","34","300","","",NULL,"","2025-10-18 14:54:59","",""
"371","35","300","","",NULL,"","2025-10-18 14:54:59","",""
"372","35","300","","",NULL,"","2025-10-18 14:54:59","",""
"373","36","300","","",NULL,"","2025-10-18 14:54:59","",""
"374","36","300","","",NULL,"","2025-10-18 14:54:59","",""
"375","36","300","","",NULL,"","2025-10-18 14:54:59","",""
"375","37","347","","",NULL,"","2025-10-18 14:54:59","",""
"376","36","300","","",NULL,"","2025-10-18 14:54:59","",""
"376","38","300","","",NULL,"","2025-10-18 14:54:59","",""
"377","36","300","","",NULL,"","2025-10-18 14:54:59","",""
"377","38","300","","",NULL,"","2025-10-18 14:54:59","",""
"378","36","300","","",NULL,"","2025-10-18 14:54:59","",""
"378","38","300","","",NULL,"","2025-10-18 14:54:59","",""
"379","36","300","","",NULL,"","2025-10-18 14:54:59","",""
"379","38","300","","",NULL,"","2025-10-18 14:54:59","",""
"380","36","300","","",NULL,"","2025-10-18 14:54:59","",""
"380","38","300","","",NULL,"","2025-10-18 14:54:59","",""
"381","38","300","","",NULL,"","2025-10-18 14:54:59","",""
"382","38","300","","",NULL,"","2025-10-18 14:54:59","",""
"383","38","300","","",NULL,"","2025-10-18 14:54:59","",""
"384","38","300","","",NULL,"","2025-10-18 14:54:59","",""
"385","38","300","","",NULL,"","2025-10-18 14:54:59","",""
"387","39","300","","",NULL,"","2025-10-18 14:54:59","",""
"388","39","300","","",NULL,"","2025-10-18 14:54:59","",""
"389","39","300","","",NULL,"","2025-10-18 14:54:59","",""
"390","39","300","","",NULL,"","2025-10-18 14:54:59","",""
"391","39","300","","",NULL,"","2025-10-18 14:54:59","",""
"392","39","300","","",NULL,"","2025-10-18 14:54:59","",""
"393","39","300","","",NULL,"","2025-10-18 14:54:59","",""
"394","39","300","","",NULL,"","2025-10-18 14:54:59","",""
"395","39","300","","",NULL,"","2025-10-18 14:54:59","",""
"406","40","300","","",NULL,"","2025-10-18 14:54:59","",""
"407","40","300","","",NULL,"","2025-10-18 14:54:59","",""
"408","40","300","","",NULL,"","2025-10-18 14:54:59","",""
"409","40","300","","",NULL,"","2025-10-18 14:54:59","",""
"410","40","300","","",NULL,"","2025-10-18 14:54:59","",""
"411","40","300","","",NULL,"","2025-10-18 14:54:59","",""
"412","40","300","","",NULL,"","2025-10-18 14:54:59","",""
"413","40","300","","",NULL,"","2025-10-18 14:54:59","",""
"414","40","300","","",NULL,"","2025-10-18 14:54:59","",""
"415","40","300","","",NULL,"","2025-10-18 14:54:59","",""
"416","41","300","","",NULL,"","2025-10-18 14:54:59","",""
"417","41","300","","",NULL,"","2025-10-18 14:54:59","",""
"418","41","300","","",NULL,"","2025-10-18 14:54:59","",""
"419","41","300","","",NULL,"","2025-10-18 14:54:59","",""
"420","41","300","","",NULL,"","2025-10-18 14:54:59","",""
"421","41","300","","",NULL,"","2025-10-18 14:54:59","",""
"422","41","300","","",NULL,"","2025-10-18 14:54:59","",""
"424","41","300","","",NULL,"","2025-10-18 14:54:59","",""
"425","41","300","","",NULL,"","2025-10-18 14:54:59","",""
"426","42","300","","",NULL,"","2025-10-18 14:54:59","",""
"427","42","300","","",NULL,"","2025-10-18 14:54:59","",""
"428","42","300","","",NULL,"","2025-10-18 14:54:59","",""
"429","42","300","","",NULL,"","2025-10-18 14:54:59","",""
"430","42","300","","",NULL,"","2025-10-18 14:54:59","",""
"431","42","300","","",NULL,"","2025-10-18 14:54:59","",""
"432","42","300","","",NULL,"","2025-10-18 14:54:59","",""
"433","42","300","","",NULL,"","2025-10-18 14:54:59","",""
"434","42","300","","",NULL,"","2025-10-18 14:54:59","",""
"435","42","300","","",NULL,"","2025-10-18 14:54:59","",""
"436","43","300","","",NULL,"","2025-10-18 14:54:59","",""
"437","43","300","","",NULL,"","2025-10-18 14:54:59","",""
"438","43","300","","",NULL,"","2025-10-18 14:54:59","",""
"439","43","100","","",NULL,"","2025-10-18 14:54:59","",""
"440","44","500","","",NULL,"","2025-10-18 14:54:59","",""
"441","44","500","","",NULL,"","2025-10-18 14:54:59","",""
"442","44","500","","",NULL,"","2025-10-18 14:54:59","",""
"443","44","500","","",NULL,"","2025-10-18 14:54:59","",""
"444","44","500","","",NULL,"","2025-10-18 14:54:59","",""
"445","44","500","","",NULL,"","2025-10-18 14:54:59","",""
"446","45","500","","",NULL,"","2025-10-18 14:54:59","",""
"447","45","500","","",NULL,"","2025-10-18 14:54:59","",""
"448","45","500","","",NULL,"","2025-10-18 14:54:59","",""
"449","45","500","","",NULL,"","2025-10-18 14:54:59","",""
"450","45","500","","",NULL,"","2025-10-18 14:54:59","",""
"451","45","500","","",NULL,"","2025-10-18 14:54:59","",""
"452","46","500","","",NULL,"","2025-10-18 14:54:59","",""
"453","46","500","","",NULL,"","2025-10-18 14:54:59","",""
"454","46","500","","",NULL,"","2025-10-18 14:54:59","",""
"455","46","500","","",NULL,"","2025-10-18 14:54:59","",""
"456","46","500","","",NULL,"","2025-10-18 14:54:59","",""
"457","46","500","","",NULL,"","2025-10-18 14:54:59","",""
"458","47","300","","",NULL,"","2025-10-18 14:54:59","",""
"459","47","300","","",NULL,"","2025-10-18 14:54:59","",""
"460","47","300","","",NULL,"","2025-10-18 14:54:59","",""
"461","47","300","","",NULL,"","2025-10-18 14:54:59","",""
"462","47","300","","",NULL,"","2025-10-18 14:54:59","",""
"463","47","300","","",NULL,"","2025-10-18 14:54:59","",""
"464","47","300","","",NULL,"","2025-10-18 14:54:59","",""
"465","47","300","","",NULL,"","2025-10-18 14:54:59","",""
"466","47","300","","",NULL,"","2025-10-18 14:54:59","",""
"467","47","300","","",NULL,"","2025-10-18 14:54:59","",""
"468","48","300","","",NULL,"","2025-10-18 14:54:59","",""
"469","48","300","","",NULL,"","2025-10-18 14:54:59","",""
"470","48","300","","",NULL,"","2025-10-18 14:54:59","",""
"471","48","300","","",NULL,"","2025-10-18 14:54:59","",""
"472","48","300","","",NULL,"","2025-10-18 14:54:59","",""
"473","48","300","","",NULL,"","2025-10-18 14:54:59","",""
"474","48","300","","",NULL,"","2025-10-18 14:54:59","",""
"475","48","300","","",NULL,"","2025-10-18 14:54:59","",""
"476","48","300","","",NULL,"","2025-10-18 14:54:59","",""
"477","48","300","","",NULL,"","2025-10-18 14:54:59","",""
"478","49","300","","",NULL,"","2025-10-18 14:54:59","",""
"479","49","300","","",NULL,"","2025-10-18 14:54:59","",""
"480","49","300","","",NULL,"","2025-10-18 14:54:59","",""
"481","49","300","","",NULL,"","2025-10-18 14:54:59","",""
"482","49","300","","",NULL,"","2025-10-18 14:54:59","",""
"483","49","300","","",NULL,"","2025-10-18 14:54:59","",""
"484","49","200","","",NULL,"","2025-10-18 14:54:59","",""
"485","50","300","","",NULL,"","2025-10-18 14:54:59","",""
"486","50","300","","",NULL,"","2025-10-18 14:54:59","",""
"487","50","300","","",NULL,"","2025-10-18 14:54:59","",""
"488","50","300","","",NULL,"","2025-10-18 14:54:59","",""
"489","50","300","","",NULL,"","2025-10-18 14:54:59","",""
"490","50","300","","",NULL,"","2025-10-18 14:54:59","",""
"491","50","300","","",NULL,"","2025-10-18 14:54:59","",""
"492","50","300","","",NULL,"","2025-10-18 14:54:59","",""
"493","51","300","","",NULL,"","2025-10-18 14:54:59","",""
"494","51","300","","",NULL,"","2025-10-18 14:54:59","",""
"495","51","300","","",NULL,"","2025-10-18 14:54:59","",""
"496","51","300","","",NULL,"","2025-10-18 14:54:59","",""
"497","51","300","","",NULL,"","2025-10-18 14:54:59","",""
"498","51","300","","",NULL,"","2025-10-18 14:54:59","",""
"499","51","300","","",NULL,"","2025-10-18 14:54:59","",""
"500","51","300","","",NULL,"","2025-10-18 14:54:59","",""
"501","51","300","","",NULL,"","2025-10-18 14:54:59","",""
"502","51","300","","",NULL,"","2025-10-18 14:54:59","",""
"503","52","300","","",NULL,"","2025-10-18 14:54:59","",""
"504","52","300","","",NULL,"","2025-10-18 14:54:59","",""
"505","52","300","","",NULL,"","2025-10-18 14:54:59","",""
"506","52","300","","",NULL,"","2025-10-18 14:54:59","",""
"507","52","300","","",NULL,"","2025-10-18 14:54:59","",""
"508","52","300","","",NULL,"","2025-10-18 14:54:59","",""
"509","52","300","","",NULL,"","2025-10-18 14:54:59","",""
"510","52","300","","",NULL,"","2025-10-18 14:54:59","",""
"511","52","300","","",NULL,"","2025-10-18 14:54:59","",""
"512","52","300","","",NULL,"","2025-10-18 14:54:59","",""
"513","53","300","","",NULL,"","2025-10-18 14:54:59","",""
"514","53","300","","",NULL,"","2025-10-18 14:54:59","",""
"515","53","300","","",NULL,"","2025-10-18 14:54:59","",""
"516","53","300","","",NULL,"","2025-10-18 14:54:59","",""
"517","53","300","","",NULL,"","2025-10-18 14:54:59","",""
"518","53","300","","",NULL,"","2025-10-18 14:54:59","",""
"519","53","300","","",NULL,"","2025-10-18 14:54:59","",""
"520","53","300","","",NULL,"","2025-10-18 14:54:59","",""
"521","54","500","","",NULL,"","2025-10-18 14:54:59","",""
"522","54","500","","",NULL,"","2025-10-18 14:54:59","",""
"523","54","500","","",NULL,"","2025-10-18 14:54:59","",""
"524","54","500","","",NULL,"","2025-10-18 14:54:59","",""
"525","55","500","","",NULL,"","2025-10-18 14:54:59","",""
"526","55","500","","",NULL,"","2025-10-18 14:54:59","",""
"527","55","500","","",NULL,"","2025-10-18 14:54:59","",""
"528","55","500","","",NULL,"","2025-10-18 14:54:59","",""
"529","55","500","","",NULL,"","2025-10-18 14:54:59","",""
"530","55","500","","",NULL,"","2025-10-18 14:54:59","",""
"531","55","500","","",NULL,"","2025-10-18 14:54:59","",""
"532","55","500","","",NULL,"","2025-10-18 14:54:59","",""
"533","55","500","","",NULL,"","2025-10-18 14:54:59","",""
"534","55","500","","",NULL,"","2025-10-18 14:54:59","",""
"535","55","500","","",NULL,"","2025-10-18 14:54:59","",""
"536","55","500","","",NULL,"","2025-10-18 14:54:59","",""
"537","56","300","","",NULL,"","2025-10-18 14:54:59","",""
"538","56","300","","",NULL,"","2025-10-18 14:54:59","",""
"539","56","300","","",NULL,"","2025-10-18 14:54:59","",""
"540","56","300","","",NULL,"","2025-10-18 14:54:59","",""
"541","57","300","","",NULL,"","2025-10-18 14:54:59","",""
"542","57","300","","",NULL,"","2025-10-18 14:54:59","",""
"543","57","300","","",NULL,"","2025-10-18 14:54:59","",""
"544","57","300","","",NULL,"","2025-10-18 14:54:59","",""
"545","57","300","","",NULL,"","2025-10-18 14:54:59","",""
"546","57","300","","",NULL,"","2025-10-18 14:54:59","",""
"547","57","200","","",NULL,"","2025-10-18 14:54:59","",""
"548","58","300","","",NULL,"","2025-10-18 14:54:59","",""
"549","58","300","","",NULL,"","2025-10-18 14:54:59","",""
"550","58","300","","",NULL,"","2025-10-18 14:54:59","",""
"551","58","300","","",NULL,"","2025-10-18 14:54:59","",""
"552","58","300","","",NULL,"","2025-10-18 14:54:59","",""
"553","58","100","","",NULL,"","2025-10-18 14:54:59","",""
"554","59","500","","",NULL,"","2025-10-18 14:54:59","",""
"555","59","500","","",NULL,"","2025-10-18 14:54:59","",""
"556","59","500","","",NULL,"","2025-10-18 14:54:59","",""
"557","59","500","","",NULL,"","2025-10-18 14:54:59","",""
"558","59","500","","",NULL,"","2025-10-18 14:54:59","",""
"559","59","500","","",NULL,"","2025-10-18 14:54:59","",""
"560","60","500","","",NULL,"","2025-10-18 14:54:59","",""
"561","60","500","","",NULL,"","2025-10-18 14:54:59","",""
"562","60","500","","",NULL,"","2025-10-18 14:54:59","",""
"563","60","500","","",NULL,"","2025-10-18 14:54:59","",""
"564","60","500","","",NULL,"","2025-10-18 14:54:59","",""
"565","60","500","","",NULL,"","2025-10-18 14:54:59","",""
"566","61","300","","",NULL,"","2025-10-18 14:54:59","",""
"567","61","300","","",NULL,"","2025-10-18 14:54:59","",""
"568","61","300","","",NULL,"","2025-10-18 14:54:59","",""
"569","61","300","","",NULL,"","2025-10-18 14:54:59","",""
"570","61","300","","",NULL,"","2025-10-18 14:54:59","",""
"571","61","300","","",NULL,"","2025-10-18 14:54:59","",""
"572","61","300","","",NULL,"","2025-10-18 14:54:59","",""
"573","61","300","","",NULL,"","2025-10-18 14:54:59","",""
"574","61","300","","",NULL,"","2025-10-18 14:54:59","",""
"575","62","300","","",NULL,"","2025-10-18 14:54:59","",""
"576","62","300","","",NULL,"","2025-10-18 14:54:59","",""
"577","62","300","","",NULL,"","2025-10-18 14:54:59","",""
"578","62","300","","",NULL,"","2025-10-18 14:54:59","",""
"579","62","300","","",NULL,"","2025-10-18 14:54:59","",""
"580","62","300","","",NULL,"","2025-10-18 14:54:59","",""
"581","62","300","","",NULL,"","2025-10-18 14:54:59","",""
"582","62","300","","",NULL,"","2025-10-18 14:54:59","",""
"583","62","300","","",NULL,"","2025-10-18 14:54:59","",""
"584","63","300","","",NULL,"","2025-10-18 14:54:59","",""
"585","63","300","","",NULL,"","2025-10-18 14:54:59","",""
"586","63","300","","",NULL,"","2025-10-18 14:54:59","",""
"587","63","300","","",NULL,"","2025-10-18 14:54:59","",""
"588","63","300","","",NULL,"","2025-10-18 14:54:59","",""
"589","63","300","","",NULL,"","2025-10-18 14:54:59","",""
"590","63","300","","",NULL,"","2025-10-18 14:54:59","",""
"591","63","300","","",NULL,"","2025-10-18 14:54:59","",""
"592","63","300","","",NULL,"","2025-10-18 14:54:59","",""
"593","64","300","","",NULL,"","2025-10-18 14:54:59","",""
"594","64","300","","",NULL,"","2025-10-18 14:54:59","",""
"595","64","300","","",NULL,"","2025-10-18 14:54:59","",""
"596","64","300","","",NULL,"","2025-10-18 14:54:59","",""
"597","64","300","","",NULL,"","2025-10-18 14:54:59","",""
"598","64","300","","",NULL,"","2025-10-18 14:54:59","",""
"599","64","300","","",NULL,"","2025-10-18 14:54:59","",""
"600","65","300","","",NULL,"","2025-10-18 14:54:59","",""
"601","65","300","","",NULL,"","2025-10-18 14:54:59","",""
"602","65","300","","",NULL,"","2025-10-18 14:54:59","",""
"603","65","300","","",NULL,"","2025-10-18 14:54:59","",""
"604","65","300","","",NULL,"","2025-10-18 14:54:59","",""
"605","65","300","","",NULL,"","2025-10-18 14:54:59","",""
"606","66","300","","",NULL,"","2025-10-18 14:54:59","",""
"607","66","300","","",NULL,"","2025-10-18 14:54:59","",""
"608","66","300","","",NULL,"","2025-10-18 14:54:59","",""
"609","66","300","","",NULL,"","2025-10-18 14:54:59","",""
"610","66","300","","",NULL,"","2025-10-18 14:54:59","",""
"611","66","300","","",NULL,"","2025-10-18 14:54:59","",""
"612","66","300","","",NULL,"","2025-10-18 14:54:59","",""
"613","66","300","","",NULL,"","2025-10-18 14:54:59","",""
"614","66","300","","",NULL,"","2025-10-18 14:54:59","",""
"615","66","300","","",NULL,"","2025-10-18 14:54:59","",""
"616","66","300","","",NULL,"","2025-10-18 14:54:59","",""
"617","66","300","","",NULL,"","2025-10-18 14:54:59","",""
"618","66","300","","",NULL,"","2025-10-18 14:54:59","",""
"619","66","110","","",NULL,"","2025-10-18 14:54:59","",""
"620","67","300","","",NULL,"","2025-10-18 14:54:59","",""
"621","67","300","","",NULL,"","2025-10-18 14:54:59","",""
"622","67","300","","",NULL,"","2025-10-18 14:54:59","",""
"623","67","300","","",NULL,"","2025-10-18 14:54:59","",""
"624","67","300","","",NULL,"","2025-10-18 14:54:59","",""
"625","68","300","","",NULL,"","2025-10-18 14:54:59","",""
"626","68","300","","",NULL,"","2025-10-18 14:54:59","",""
"627","68","300","","",NULL,"","2025-10-18 14:54:59","",""
"628","68","300","","",NULL,"","2025-10-18 14:54:59","",""
"629","68","300","","",NULL,"","2025-10-18 14:54:59","",""
"630","69","300","","",NULL,"","2025-10-18 14:54:59","",""
"631","69","300","","",NULL,"","2025-10-18 14:54:59","",""
"632","69","300","","",NULL,"","2025-10-18 14:54:59","",""
"633","69","300","","",NULL,"","2025-10-18 14:54:59","",""
"634","69","300","","",NULL,"","2025-10-18 14:54:59","",""
"635","69","300","","",NULL,"","2025-10-18 14:54:59","",""
"636","69","300","","",NULL,"","2025-10-18 14:54:59","",""
"637","69","300","","",NULL,"","2025-10-18 14:54:59","",""
"638","70","300","","",NULL,"","2025-10-18 14:54:59","",""
"639","70","300","","",NULL,"","2025-10-18 14:54:59","",""
"640","70","300","","",NULL,"","2025-10-18 14:54:59","",""
"641","70","300","","",NULL,"","2025-10-18 14:54:59","",""
"642","71","300","","",NULL,"","2025-10-18 14:54:59","",""
"643","71","300","","",NULL,"","2025-10-18 14:54:59","",""
"644","71","300","","",NULL,"","2025-10-18 14:54:59","",""
"645","71","300","","",NULL,"","2025-10-18 14:54:59","",""
"646","71","300","","",NULL,"","2025-10-18 14:54:59","",""
"647","72","300","","",NULL,"","2025-10-18 14:54:59","",""
"648","72","300","","",NULL,"","2025-10-18 14:54:59","",""
"649","72","300","","",NULL,"","2025-10-18 14:54:59","",""
"650","72","300","","",NULL,"","2025-10-18 14:54:59","",""
"651","72","300","","",NULL,"","2025-10-18 14:54:59","",""
"652","72","300","","",NULL,"","2025-10-18 14:54:59","",""
"653","72","300","","",NULL,"","2025-10-18 14:54:59","",""
"654","72","300","","",NULL,"","2025-10-18 14:54:59","",""
"655","72","300","","",NULL,"","2025-10-18 14:54:59","",""
"656","72","300","","",NULL,"","2025-10-18 14:54:59","",""
"657","73","300","","",NULL,"","2025-10-18 14:54:59","",""
"658","73","300","","",NULL,"","2025-10-18 14:54:59","",""
"659","73","300","","",NULL,"","2025-10-18 14:54:59","",""
"660","73","300","","",NULL,"","2025-10-18 14:54:59","",""
"661","73","300","","",NULL,"","2025-10-18 14:54:59","",""
"662","73","300","","",NULL,"","2025-10-18 14:54:59","",""
"663","73","300","","",NULL,"","2025-10-18 14:54:59","",""
"664","73","300","","",NULL,"","2025-10-18 14:54:59","",""
"665","73","300","","",NULL,"","2025-10-18 14:54:59","",""
"666","73","300","","",NULL,"","2025-10-18 14:54:59","",""
"667","74","300","","",NULL,"","2025-10-18 14:54:59","",""
"668","74","300","","",NULL,"","2025-10-18 14:54:59","",""
"669","74","300","","",NULL,"","2025-10-18 14:54:59","",""
"670","74","300","","",NULL,"","2025-10-18 14:54:59","",""
"671","74","300","","",NULL,"","2025-10-18 14:54:59","",""
"672","74","300","","",NULL,"","2025-10-18 14:54:59","",""
"673","74","300","","",NULL,"","2025-10-18 14:54:59","",""
"674","75","300","","",NULL,"","2025-10-18 14:54:59","",""
"675","75","300","","",NULL,"","2025-10-18 14:54:59","",""
"676","75","300","","",NULL,"","2025-10-18 14:54:59","",""
"677","75","300","","",NULL,"","2025-10-18 14:54:59","",""
"678","75","300","","",NULL,"","2025-10-18 14:54:59","",""
"679","75","300","","",NULL,"","2025-10-18 14:54:59","",""
"680","75","300","","",NULL,"","2025-10-18 14:54:59","",""
"681","76","300","","",NULL,"","2025-10-18 14:54:59","",""
"682","76","300","","",NULL,"","2025-10-18 14:54:59","",""
"683","76","300","","",NULL,"","2025-10-18 14:54:59","",""
"684","76","300","","",NULL,"","2025-10-18 14:54:59","",""
"685","76","300","","",NULL,"","2025-10-18 14:54:59","",""
"686","76","300","","",NULL,"","2025-10-18 14:54:59","",""
"687","76","300","","",NULL,"","2025-10-18 14:54:59","",""
"688","77","300","","",NULL,"","2025-10-18 14:54:59","",""
"689","77","300","","",NULL,"","2025-10-18 14:54:59","",""
"690","77","300","","",NULL,"","2025-10-18 14:54:59","",""
"691","77","300","","",NULL,"","2025-10-18 14:54:59","",""
"692","77","300","","",NULL,"","2025-10-18 14:54:59","",""
"693","77","300","","",NULL,"","2025-10-18 14:54:59","",""
"694","77","300","","",NULL,"","2025-10-18 14:54:59","",""
"695","77","300","","",NULL,"","2025-10-18 14:54:59","",""
"696","77","300","","",NULL,"","2025-10-18 14:54:59","",""
"697","77","300","","",NULL,"","2025-10-18 14:54:59","",""
"698","77","300","","",NULL,"","2025-10-18 14:54:59","",""
"699","77","110","","",NULL,"","2025-10-18 14:54:59","",""
"700","78","300","","",NULL,"","2025-10-18 14:54:59","",""
"701","78","300","","",NULL,"","2025-10-18 14:54:59","",""
"702","78","208","","",NULL,"","2025-10-18 14:54:59","",""
"703","79","500","","",NULL,"","2025-10-18 14:54:59","",""
"704","79","500","","",NULL,"","2025-10-18 14:54:59","",""
"705","79","500","","",NULL,"","2025-10-18 14:54:59","",""
"706","79","500","","",NULL,"","2025-10-18 14:54:59","",""
"707","79","500","","",NULL,"","2025-10-18 14:54:59","",""
"708","79","500","","",NULL,"","2025-10-18 14:54:59","",""
"709","79","500","","",NULL,"","2025-10-18 14:54:59","",""
"710","79","500","","",NULL,"","2025-10-18 14:54:59","",""
"711","79","500","","",NULL,"","2025-10-18 14:54:59","",""
"712","79","500","","",NULL,"","2025-10-18 14:54:59","",""
"713","79","500","","",NULL,"","2025-10-18 14:54:59","",""
"714","79","500","","",NULL,"","2025-10-18 14:54:59","",""
"715","79","500","","",NULL,"","2025-10-18 14:54:59","",""
"716","79","500","","",NULL,"","2025-10-18 14:54:59","",""
"717","79","500","","",NULL,"","2025-10-18 14:54:59","",""
"718","79","500","","",NULL,"","2025-10-18 14:54:59","",""
"719","80","300","","",NULL,"","2025-10-18 14:54:59","",""
"720","80","300","","",NULL,"","2025-10-18 14:54:59","",""
"721","80","300","","",NULL,"","2025-10-18 14:54:59","",""
"722","80","300","","",NULL,"","2025-10-18 14:54:59","",""
"723","80","300","","",NULL,"","2025-10-18 14:54:59","",""
"724","80","300","","",NULL,"","2025-10-18 14:54:59","",""
"725","80","300","","",NULL,"","2025-10-18 14:54:59","",""
"726","80","300","","",NULL,"","2025-10-18 14:54:59","",""
"727","80","300","","",NULL,"","2025-10-18 14:54:59","",""
"728","80","300","","",NULL,"","2025-10-18 14:54:59","",""
"729","81","300","","",NULL,"","2025-10-18 14:54:59","",""
"730","81","300","","",NULL,"","2025-10-18 14:54:59","",""
"731","81","300","","",NULL,"","2025-10-18 14:54:59","",""
"732","81","300","","",NULL,"","2025-10-18 14:54:59","",""
"733","81","300","","",NULL,"","2025-10-18 14:54:59","",""
"734","81","300","","",NULL,"","2025-10-18 14:54:59","",""
"735","81","300","","",NULL,"","2025-10-18 14:54:59","",""
"736","81","300","","",NULL,"","2025-10-18 14:54:59","",""
"737","81","300","","",NULL,"","2025-10-18 14:54:59","",""
"738","81","300","","",NULL,"","2025-10-18 14:54:59","",""
"739","82","300","","",NULL,"","2025-10-18 14:54:59","",""
"740","82","300","","",NULL,"","2025-10-18 14:54:59","",""
"741","82","200","","",NULL,"","2025-10-18 14:54:59","",""
"742","83","300","","",NULL,"","2025-10-18 14:54:59","",""
"743","83","300","","",NULL,"","2025-10-18 14:54:59","",""
"744","83","300","","",NULL,"","2025-10-18 14:54:59","",""
"745","83","300","","",NULL,"","2025-10-18 14:54:59","",""
"746","83","300","","",NULL,"","2025-10-18 14:54:59","",""
"747","83","300","","",NULL,"","2025-10-18 14:54:59","",""
"748","83","300","","",NULL,"","2025-10-18 14:54:59","",""
"749","83","300","","",NULL,"","2025-10-18 14:54:59","",""
"750","83","300","","",NULL,"","2025-10-18 14:54:59","",""
"751","84","300","","",NULL,"","2025-10-18 14:54:59","",""
"752","84","300","","",NULL,"","2025-10-18 14:54:59","",""
"753","84","300","","",NULL,"","2025-10-18 14:54:59","",""
"754","84","300","","",NULL,"","2025-10-18 14:54:59","",""
"755","84","300","","",NULL,"","2025-10-18 14:54:59","",""
"756","85","300","","",NULL,"","2025-10-18 14:54:59","",""
"757","85","200","","",NULL,"","2025-10-18 14:54:59","",""
"758","86","300","","",NULL,"","2025-10-18 14:54:59","",""
"759","86","300","","",NULL,"","2025-10-18 14:54:59","",""
"760","86","300","","",NULL,"","2025-10-18 14:54:59","",""
"761","86","300","","",NULL,"","2025-10-18 14:54:59","",""
"762","86","300","","",NULL,"","2025-10-18 14:54:59","",""
"763","86","300","","",NULL,"","2025-10-18 14:54:59","",""
"764","86","210","","",NULL,"","2025-10-18 14:54:59","",""
"765","87","300","","",NULL,"","2025-10-18 14:54:59","",""
"766","87","300","","",NULL,"","2025-10-18 14:54:59","",""
"767","87","300","","",NULL,"","2025-10-18 14:54:59","",""
"768","87","300","","",NULL,"","2025-10-18 14:54:59","",""
"769","87","300","","",NULL,"","2025-10-18 14:54:59","",""
"770","87","300","","",NULL,"","2025-10-18 14:54:59","",""
"771","87","300","","",NULL,"","2025-10-18 14:54:59","",""
"772","87","300","","",NULL,"","2025-10-18 14:54:59","",""
"773","87","300","","",NULL,"","2025-10-18 14:54:59","",""
"774","87","300","","",NULL,"","2025-10-18 14:54:59","",""
"775","88","300","","",NULL,"","2025-10-18 14:54:59","",""
"776","88","300","","",NULL,"","2025-10-18 14:54:59","",""
"777","88","300","","",NULL,"","2025-10-18 14:54:59","",""
"778","88","300","","",NULL,"","2025-10-18 14:54:59","",""
"779","88","300","","",NULL,"","2025-10-18 14:54:59","",""
"780","88","300","","",NULL,"","2025-10-18 14:54:59","",""
"781","88","300","","",NULL,"","2025-10-18 14:54:59","",""
"782","88","300","","",NULL,"","2025-10-18 14:54:59","",""
"783","88","300","","",NULL,"","2025-10-18 14:54:59","",""
"784","88","300","","",NULL,"","2025-10-18 14:54:59","",""
"785","89","300","","",NULL,"","2025-10-18 14:54:59","",""
"786","89","300","","",NULL,"","2025-10-18 14:54:59","",""
"787","89","300","","",NULL,"","2025-10-18 14:54:59","",""
"788","89","300","","",NULL,"","2025-10-18 14:54:59","",""
"789","89","300","","",NULL,"","2025-10-18 14:54:59","",""
"799","90","500","","",NULL,"","2025-10-18 14:54:59","",""
"800","90","500","","",NULL,"","2025-10-18 14:54:59","",""
"801","90","500","","",NULL,"","2025-10-18 14:54:59","",""
"802","90","500","","",NULL,"","2025-10-18 14:54:59","",""
"803","90","500","","",NULL,"","2025-10-18 14:54:59","",""
"804","90","153","","",NULL,"","2025-10-18 14:54:59","",""
"805","91","300","","",NULL,"","2025-10-18 14:54:59","",""
"806","91","300","","",NULL,"","2025-10-18 14:54:59","",""
"807","91","300","","",NULL,"","2025-10-18 14:54:59","",""
"808","91","300","","",NULL,"","2025-10-18 14:54:59","",""
"809","91","300","","",NULL,"","2025-10-18 14:54:59","",""
"810","91","300","","",NULL,"","2025-10-18 14:54:59","",""
"811","91","300","","",NULL,"","2025-10-18 14:54:59","",""
"812","91","300","","",NULL,"","2025-10-18 14:54:59","",""
"813","91","300","","",NULL,"","2025-10-18 14:54:59","",""
"814","91","300","","",NULL,"","2025-10-18 14:54:59","",""
"815","92","300","","",NULL,"","2025-10-18 14:54:59","",""
"816","92","300","","",NULL,"","2025-10-18 14:54:59","",""
"817","92","300","","",NULL,"","2025-10-18 14:54:59","",""
"818","92","300","","",NULL,"","2025-10-18 14:54:59","",""
"819","92","300","","",NULL,"","2025-10-18 14:54:59","",""
"820","92","300","","",NULL,"","2025-10-18 14:54:59","",""
"821","92","300","","",NULL,"","2025-10-18 14:54:59","",""
"822","92","300","","",NULL,"","2025-10-18 14:54:59","",""
"823","92","300","","",NULL,"","2025-10-18 14:54:59","",""
"824","92","300","","",NULL,"","2025-10-18 14:54:59","",""
"825","93","300","","",NULL,"","2025-10-18 14:54:59","",""
"826","93","300","","",NULL,"","2025-10-18 14:54:59","",""
"827","93","300","","",NULL,"","2025-10-18 14:54:59","",""
"828","93","300","","",NULL,"","2025-10-18 14:54:59","",""
"829","93","300","","",NULL,"","2025-10-18 14:54:59","",""
"830","93","300","","",NULL,"","2025-10-18 14:54:59","",""
"831","93","300","","",NULL,"","2025-10-18 14:54:59","",""
"832","93","300","","",NULL,"","2025-10-18 14:54:59","",""
"833","93","300","","",NULL,"","2025-10-18 14:54:59","",""
"834","94","300","","",NULL,"","2025-10-18 14:54:59","",""
"835","94","300","","",NULL,"","2025-10-18 14:54:59","",""
"836","94","300","","",NULL,"","2025-10-18 14:54:59","",""
"837","94","300","","",NULL,"","2025-10-18 14:54:59","",""
"838","94","300","","",NULL,"","2025-10-18 14:54:59","",""
"839","94","300","","",NULL,"","2025-10-18 14:54:59","",""
"840","94","300","","",NULL,"","2025-10-18 14:54:59","",""
"841","94","300","","",NULL,"","2025-10-18 14:54:59","",""
"842","94","300","","",NULL,"","2025-10-18 14:54:59","",""
"843","94","300","","",NULL,"","2025-10-18 14:54:59","",""
"844","95","500","","",NULL,"","2025-10-18 14:54:59","",""
"845","95","500","","",NULL,"","2025-10-18 14:54:59","",""
"846","95","500","","",NULL,"","2025-10-18 14:54:59","",""
"847","95","500","","",NULL,"","2025-10-18 14:54:59","",""
"848","95","500","","",NULL,"","2025-10-18 14:54:59","",""
"849","95","500","","",NULL,"","2025-10-18 14:54:59","",""
"850","95","500","","",NULL,"","2025-10-18 14:54:59","",""
"851","95","500","","",NULL,"","2025-10-18 14:54:59","",""
"852","95","500","","",NULL,"","2025-10-18 14:54:59","",""
"853","95","500","","",NULL,"","2025-10-18 14:54:59","",""
"854","96","300","","",NULL,"","2025-10-18 14:54:59","",""
"855","96","300","","",NULL,"","2025-10-18 14:54:59","",""
"856","96","300","","",NULL,"","2025-10-18 14:54:59","",""
"857","96","300","","",NULL,"","2025-10-18 14:54:59","",""
"858","96","300","","",NULL,"","2025-10-18 14:54:59","",""
"859","96","300","","",NULL,"","2025-10-18 14:54:59","",""
"860","96","300","","",NULL,"","2025-10-18 14:54:59","",""
"861","96","300","","",NULL,"","2025-10-18 14:54:59","",""
"862","96","300","","",NULL,"","2025-10-18 14:54:59","",""
"863","96","300","","",NULL,"","2025-10-18 14:54:59","",""
"864","97","300","","",NULL,"","2025-10-18 14:54:59","",""
"865","97","300","","",NULL,"","2025-10-18 14:54:59","",""
"866","97","300","","",NULL,"","2025-10-18 14:54:59","",""
"867","97","300","","",NULL,"","2025-10-18 14:54:59","",""
"868","97","300","","",NULL,"","2025-10-18 14:54:59","",""
"869","98","300","","",NULL,"","2025-10-18 14:54:59","",""
"870","98","300","","",NULL,"","2025-10-18 14:54:59","",""
"871","98","300","","",NULL,"","2025-10-18 14:54:59","",""
"872","98","300","","",NULL,"","2025-10-18 14:54:59","",""
"873","98","300","","",NULL,"","2025-10-18 14:54:59","",""
"874","98","300","","",NULL,"","2025-10-18 14:54:59","",""
"875","98","300","","",NULL,"","2025-10-18 14:54:59","",""
"876","98","300","","",NULL,"","2025-10-18 14:54:59","",""
"877","98","300","","",NULL,"","2025-10-18 14:54:59","",""
"878","98","300","","",NULL,"","2025-10-18 14:54:59","",""
"879","98","300","","",NULL,"","2025-10-18 14:54:59","",""
"880","98","300","","",NULL,"","2025-10-18 14:54:59","",""
"881","98","300","","",NULL,"","2025-10-18 14:54:59","",""
"882","98","300","","",NULL,"","2025-10-18 14:54:59","",""
"883","98","300","","",NULL,"","2025-10-18 14:54:59","",""
"884","98","300","","",NULL,"","2025-10-18 14:54:59","",""
"885","98","300","","",NULL,"","2025-10-18 14:54:59","",""
"886","98","300","","",NULL,"","2025-10-18 14:54:59","",""
"887","98","300","","",NULL,"","2025-10-18 14:54:59","",""
"888","98","300","","",NULL,"","2025-10-18 14:54:59","",""
"889","99","300","","",NULL,"","2025-10-18 14:54:59","",""
"890","99","300","","",NULL,"","2025-10-18 14:54:59","",""
"891","99","300","","",NULL,"","2025-10-18 14:54:59","",""
"892","99","300","","",NULL,"","2025-10-18 14:54:59","",""
"893","99","300","","",NULL,"","2025-10-18 14:54:59","",""
"894","100","300","","",NULL,"","2025-10-18 14:54:59","",""
"895","100","300","","",NULL,"","2025-10-18 14:54:59","",""
"896","100","300","","",NULL,"","2025-10-18 14:54:59","",""
"897","100","300","","",NULL,"","2025-10-18 14:54:59","",""
"898","100","300","","",NULL,"","2025-10-18 14:54:59","",""
"899","100","300","","",NULL,"","2025-10-18 14:54:59","",""
"900","100","300","","",NULL,"","2025-10-18 14:54:59","",""
"901","100","300","","",NULL,"","2025-10-18 14:54:59","",""
"902","100","300","","",NULL,"","2025-10-18 14:54:59","",""
"903","100","300","","",NULL,"","2025-10-18 14:54:59","",""
"904","101","300","","",NULL,"","2025-10-18 14:54:59","",""
"905","101","300","","",NULL,"","2025-10-18 14:54:59","",""
"906","101","300","","",NULL,"","2025-10-18 14:54:59","",""
"907","101","300","","",NULL,"","2025-10-18 14:54:59","",""
"908","101","300","","",NULL,"","2025-10-18 14:54:59","",""
"909","102","500","","",NULL,"","2025-10-18 14:54:59","",""
"910","102","500","","",NULL,"","2025-10-18 14:54:59","",""
"911","102","500","","",NULL,"","2025-10-18 14:54:59","",""
"912","102","500","","",NULL,"","2025-10-18 14:54:59","",""
"913","102","500","","",NULL,"","2025-10-18 14:54:59","",""
"914","102","500","","",NULL,"","2025-10-18 14:54:59","",""
"915","102","500","","",NULL,"","2025-10-18 14:54:59","",""
"916","102","500","","",NULL,"","2025-10-18 14:54:59","",""
"917","102","500","","",NULL,"","2025-10-18 14:54:59","",""
"918","102","500","","",NULL,"","2025-10-18 14:54:59","",""
"919","103","300","","",NULL,"","2025-10-18 14:54:59","",""
"920","103","300","","",NULL,"","2025-10-18 14:54:59","",""
"921","103","300","","",NULL,"","2025-10-18 14:54:59","",""
"922","103","300","","",NULL,"","2025-10-18 14:54:59","",""
"923","103","300","","",NULL,"","2025-10-18 14:54:59","",""
"924","105","300","","",NULL,"","2025-10-18 14:54:59","",""
"925","105","300","","",NULL,"","2025-10-18 14:54:59","",""
"926","105","300","","",NULL,"","2025-10-18 14:54:59","",""
"927","105","300","","",NULL,"","2025-10-18 14:54:59","",""
"928","105","300","","",NULL,"","2025-10-18 14:54:59","",""
"929","105","300","","",NULL,"","2025-10-18 14:54:59","",""
"930","105","300","","",NULL,"","2025-10-18 14:54:59","",""
"931","105","300","","",NULL,"","2025-10-18 14:54:59","",""
"932","105","300","","",NULL,"","2025-10-18 14:54:59","",""
"933","105","300","","",NULL,"","2025-10-18 14:54:59","",""
"934","105","300","","",NULL,"","2025-10-18 14:54:59","",""
"935","105","300","","",NULL,"","2025-10-18 14:54:59","",""
"936","105","300","","",NULL,"","2025-10-18 14:54:59","",""
"937","105","300","","",NULL,"","2025-10-18 14:54:59","",""
"938","105","300","","",NULL,"","2025-10-18 14:54:59","",""
"939","105","300","","",NULL,"","2025-10-18 14:54:59","",""
"940","105","300","","",NULL,"","2025-10-18 14:54:59","",""
"941","105","300","","",NULL,"","2025-10-18 14:54:59","",""
"942","105","300","","",NULL,"","2025-10-18 14:54:59","",""
"943","105","300","","",NULL,"","2025-10-18 14:54:59","",""
"944","104","500","","",NULL,"","2025-10-18 14:54:59","",""
"945","104","500","","",NULL,"","2025-10-18 14:54:59","",""
"946","104","500","","",NULL,"","2025-10-18 14:54:59","",""
"947","104","500","","",NULL,"","2025-10-18 14:54:59","",""
"948","104","500","","",NULL,"","2025-10-18 14:54:59","",""
"949","104","500","","",NULL,"","2025-10-18 14:54:59","",""
"950","106","300","","",NULL,"","2025-10-18 14:54:59","",""
"951","106","300","","",NULL,"","2025-10-18 14:54:59","",""
"952","106","300","","",NULL,"","2025-10-18 14:54:59","",""
"953","106","300","","",NULL,"","2025-10-18 14:54:59","",""
"954","106","300","","",NULL,"","2025-10-18 14:54:59","",""
"955","106","300","","",NULL,"","2025-10-18 14:54:59","",""
"956","106","200","","",NULL,"","2025-10-18 14:54:59","",""
"958","107","300","","",NULL,"","2025-10-18 14:54:59","",""
"959","108","300","","",NULL,"","2025-10-18 14:54:59","",""
"960","108","300","","",NULL,"","2025-10-18 14:54:59","",""
"961","108","300","","",NULL,"","2025-10-18 14:54:59","",""
"962","108","300","","",NULL,"","2025-10-18 14:54:59","",""
"963","108","300","","",NULL,"","2025-10-18 14:54:59","",""
"964","108","300","","",NULL,"","2025-10-18 14:54:59","",""
"965","108","300","","",NULL,"","2025-10-18 14:54:59","",""
"966","108","300","","",NULL,"","2025-10-18 14:54:59","",""
"967","108","300","","",NULL,"","2025-10-18 14:54:59","",""
"968","108","300","","",NULL,"","2025-10-18 14:54:59","",""
"969","108","300","","",NULL,"","2025-10-18 14:54:59","",""
"970","108","300","","",NULL,"","2025-10-18 14:54:59","",""
"971","108","300","","",NULL,"","2025-10-18 14:54:59","",""
"972","108","300","","",NULL,"","2025-10-18 14:54:59","",""
"973","108","300","","",NULL,"","2025-10-18 14:54:59","",""
"974","108","300","","",NULL,"","2025-10-18 14:54:59","",""
"975","108","300","","",NULL,"","2025-10-18 14:54:59","",""
"976","108","300","","",NULL,"","2025-10-18 14:54:59","",""
"977","108","300","","",NULL,"","2025-10-18 14:54:59","",""
"978","108","300","","",NULL,"","2025-10-18 14:54:59","",""
"979","109","300","","",NULL,"","2025-10-18 14:54:59","",""
"980","109","300","","",NULL,"","2025-10-18 14:54:59","",""
"981","109","300","","",NULL,"","2025-10-18 14:54:59","",""
"982","109","300","","",NULL,"","2025-10-18 14:54:59","",""
"983","109","300","","",NULL,"","2025-10-18 14:54:59","",""
"984","109","300","","",NULL,"","2025-10-18 14:54:59","",""
"985","109","300","","",NULL,"","2025-10-18 14:54:59","",""
"986","109","300","","",NULL,"","2025-10-18 14:54:59","",""
"987","109","300","","",NULL,"","2025-10-18 14:54:59","",""
"988","109","300","","",NULL,"","2025-10-18 14:54:59","",""
"989","110","300","","",NULL,"","2025-10-18 14:54:59","",""
"989","111","300","","",NULL,"","2025-10-18 14:54:59","",""
"990","110","300","","",NULL,"","2025-10-18 14:54:59","",""
"990","111","300","","",NULL,"","2025-10-18 14:54:59","",""
"991","110","300","","",NULL,"","2025-10-18 14:54:59","",""
"991","111","300","","",NULL,"","2025-10-18 14:54:59","",""
"992","110","300","","",NULL,"","2025-10-18 14:54:59","",""
"992","111","300","","",NULL,"","2025-10-18 14:54:59","",""
"993","110","300","","",NULL,"","2025-10-18 14:54:59","",""
"993","111","300","","",NULL,"","2025-10-18 14:54:59","",""
"994","110","300","","",NULL,"","2025-10-18 14:54:59","",""
"994","111","300","","",NULL,"","2025-10-18 14:54:59","",""
"995","110","300","","",NULL,"","2025-10-18 14:54:59","",""
"995","111","300","","",NULL,"","2025-10-18 14:54:59","",""
"996","110","300","","",NULL,"","2025-10-18 14:54:59","",""
"996","111","300","","",NULL,"","2025-10-18 14:54:59","",""
"997","110","300","","",NULL,"","2025-10-18 14:54:59","",""
"997","111","300","","",NULL,"","2025-10-18 14:54:59","",""
"998","110","300","","",NULL,"","2025-10-18 14:54:59","",""
"998","111","300","","",NULL,"","2025-10-18 14:54:59","",""
"999","112","300","","",NULL,"","2025-10-18 14:54:59","",""
"1000","112","300","","",NULL,"","2025-10-18 14:54:59","",""
"1001","112","300","","",NULL,"","2025-10-18 14:54:59","",""
"1002","112","300","","",NULL,"","2025-10-18 14:54:59","",""
"1003","112","300","","",NULL,"","2025-10-18 14:54:59","",""
"1004","112","300","","",NULL,"","2025-10-18 14:54:59","",""
"1005","112","300","","",NULL,"","2025-10-18 14:54:59","",""
"1006","112","300","","",NULL,"","2025-10-18 14:54:59","",""
"1007","112","300","","",NULL,"","2025-10-18 14:54:59","",""
"1008","112","300","","",NULL,"","2025-10-18 14:54:59","",""
"1009","113","300","","",NULL,"","2025-10-18 14:54:59","",""
"1010","113","300","","",NULL,"","2025-10-18 14:54:59","",""
"1011","113","300","","",NULL,"","2025-10-18 14:54:59","",""
"1012","113","300","","",NULL,"","2025-10-18 14:54:59","",""
"1013","113","300","","",NULL,"","2025-10-18 14:54:59","",""
"1014","113","300","","",NULL,"","2025-10-18 14:54:59","",""
"1015","113","200","","",NULL,"","2025-10-18 14:54:59","",""
"1016","114","300","","",NULL,"","2025-10-18 14:54:59","",""
"1017","114","300","","",NULL,"","2025-10-18 14:54:59","",""
"1018","114","300","","",NULL,"","2025-10-18 14:54:59","",""
"1019","114","300","","",NULL,"","2025-10-18 14:54:59","",""
"1020","114","300","","",NULL,"","2025-10-18 14:54:59","",""
"1021","114","300","","",NULL,"","2025-10-18 14:54:59","",""
"1022","114","300","","",NULL,"","2025-10-18 14:54:59","",""
"1023","114","300","","",NULL,"","2025-10-18 14:54:59","",""
"1024","114","300","","",NULL,"","2025-10-18 14:54:59","",""
"1025","114","300","","",NULL,"","2025-10-18 14:54:59","",""
"1026","114","300","","",NULL,"","2025-10-18 14:54:59","",""
"1027","114","300","","",NULL,"","2025-10-18 14:54:59","",""
"1028","114","300","","",NULL,"","2025-10-18 14:54:59","",""
"1029","114","300","","",NULL,"","2025-10-18 14:54:59","",""
"1030","114","300","","",NULL,"","2025-10-18 14:54:59","",""
"1031","114","300","","",NULL,"","2025-10-18 14:54:59","",""
"1032","114","200","","",NULL,"","2025-10-18 14:54:59","",""
"1033","115","300","","",NULL,"","2025-10-18 14:54:59","",""
"1034","115","300","","",NULL,"","2025-10-18 14:54:59","",""
"1035","115","300","","",NULL,"","2025-10-18 14:54:59","",""
"1036","115","300","","",NULL,"","2025-10-18 14:54:59","",""
"1037","115","300","","",NULL,"","2025-10-18 14:54:59","",""
"1038","115","300","","",NULL,"","2025-10-18 14:54:59","",""
"1039","115","300","","",NULL,"","2025-10-18 14:54:59","",""
"1040","115","300","","",NULL,"","2025-10-18 14:54:59","",""
"1041","115","300","","",NULL,"","2025-10-18 14:54:59","",""
"1042","115","300","","",NULL,"","2025-10-18 14:54:59","",""
"1043","115","300","","",NULL,"","2025-10-18 14:54:59","",""
"1044","116","300","","",NULL,"","2025-10-18 14:54:59","",""
"1045","116","300","","",NULL,"","2025-10-18 14:54:59","",""
"1046","116","300","","",NULL,"","2025-10-18 14:54:59","",""
"1047","116","300","","",NULL,"","2025-10-18 14:54:59","",""
"1048","116","300","","",NULL,"","2025-10-18 14:54:59","",""
"1049","116","300","","",NULL,"","2025-10-18 14:54:59","",""
"1050","116","300","","",NULL,"","2025-10-18 14:54:59","",""
"1051","116","300","","",NULL,"","2025-10-18 14:54:59","",""
"1052","116","300","","",NULL,"","2025-10-18 14:54:59","",""
"1053","116","300","","",NULL,"","2025-10-18 14:54:59","",""
"1054","116","300","","",NULL,"","2025-10-18 14:54:59","",""
"1055","116","300","","",NULL,"","2025-10-18 14:54:59","",""
"1056","116","300","","",NULL,"","2025-10-18 14:54:59","",""
"1057","116","300","","",NULL,"","2025-10-18 14:54:59","",""
"1058","116","300","","",NULL,"","2025-10-18 14:54:59","",""
"1059","116","300","","",NULL,"","2025-10-18 14:54:59","",""
"1060","116","300","","",NULL,"","2025-10-18 14:54:59","",""
"1061","116","300","","",NULL,"","2025-10-18 14:54:59","",""
"1062","116","300","","",NULL,"","2025-10-18 14:54:59","",""
"1063","116","300","","",NULL,"","2025-10-18 14:54:59","",""
"1064","116","300","","",NULL,"","2025-10-18 14:54:59","",""
"1065","116","300","","",NULL,"","2025-10-18 14:54:59","",""
"1066","116","270","","",NULL,"","2025-10-18 14:54:59","",""
"1067","117","500","","",NULL,"","2025-10-18 14:54:59","",""
"1068","117","500","","",NULL,"","2025-10-18 14:54:59","",""
"1069","117","500","","",NULL,"","2025-10-18 14:54:59","",""
"1070","117","500","","",NULL,"","2025-10-18 14:54:59","",""
"1071","117","500","","",NULL,"","2025-10-18 14:54:59","",""
"1072","117","500","","",NULL,"","2025-10-18 14:54:59","",""
"1073","117","500","","",NULL,"","2025-10-18 14:54:59","",""
"1074","117","500","","",NULL,"","2025-10-18 14:54:59","",""
"1075","117","500","","",NULL,"","2025-10-18 14:54:59","",""
"1076","117","500","","",NULL,"","2025-10-18 14:54:59","",""
"1077","117","500","","",NULL,"","2025-10-18 14:54:59","",""
"1078","117","500","","",NULL,"","2025-10-18 14:54:59","",""
"1079","118","500","","",NULL,"","2025-10-18 14:54:59","",""
"1080","118","500","","",NULL,"","2025-10-18 14:54:59","",""
"1081","118","500","","",NULL,"","2025-10-18 14:54:59","",""
"1082","118","500","","",NULL,"","2025-10-18 14:54:59","",""
"1094","119","300","","",NULL,"","2025-10-18 14:54:59","",""
"1095","119","300","","",NULL,"","2025-10-18 14:54:59","",""
"1096","119","300","","",NULL,"","2025-10-18 14:54:59","",""
"1097","119","300","","",NULL,"","2025-10-18 14:54:59","",""
"1098","119","300","","",NULL,"","2025-10-18 14:54:59","",""
"1099","119","300","","",NULL,"","2025-10-18 14:54:59","",""
"1100","119","300","","",NULL,"","2025-10-18 14:54:59","",""
"1101","119","300","","",NULL,"","2025-10-18 14:54:59","",""
"1102","119","300","","",NULL,"","2025-10-18 14:54:59","",""
"1103","119","300","","",NULL,"","2025-10-18 14:54:59","",""
"1104","119","5","","",NULL,"","2025-10-18 14:54:59","",""
"1105","120","300","","",NULL,"","2025-10-18 14:54:59","",""
"1106","120","300","","",NULL,"","2025-10-18 14:54:59","",""
"1107","120","300","","",NULL,"","2025-10-18 14:54:59","",""
"1108","120","300","","",NULL,"","2025-10-18 14:54:59","",""
"1109","120","300","","",NULL,"","2025-10-18 14:54:59","",""
"1110","120","300","","",NULL,"","2025-10-18 14:54:59","",""
"1111","120","300","","",NULL,"","2025-10-18 14:54:59","",""
"1112","120","100","","",NULL,"","2025-10-18 14:54:59","",""
"1113","121","300","","",NULL,"","2025-10-18 14:54:59","",""
"1114","121","300","","",NULL,"","2025-10-18 14:54:59","",""
"1115","121","300","","",NULL,"","2025-10-18 14:54:59","",""
"1116","121","300","","",NULL,"","2025-10-18 14:54:59","",""
"1117","121","300","","",NULL,"","2025-10-18 14:54:59","",""
"1118","121","300","","",NULL,"","2025-10-18 14:54:59","",""
"1119","121","300","","",NULL,"","2025-10-18 14:54:59","",""
"1120","121","300","","",NULL,"","2025-10-18 14:54:59","",""
"1121","121","300","","",NULL,"","2025-10-18 14:54:59","",""
"1122","121","300","","",NULL,"","2025-10-18 14:54:59","",""
"1123","121","300","","",NULL,"","2025-10-18 14:54:59","",""
"1124","121","300","","",NULL,"","2025-10-18 14:54:59","",""
"1125","121","300","","",NULL,"","2025-10-18 14:54:59","",""
"1126","121","300","","",NULL,"","2025-10-18 14:54:59","",""
"1127","121","300","","",NULL,"","2025-10-18 14:54:59","",""
"1128","121","300","","",NULL,"","2025-10-18 14:54:59","",""
"1129","121","300","","",NULL,"","2025-10-18 14:54:59","",""
"1130","121","300","","",NULL,"","2025-10-18 14:54:59","",""
"1131","121","300","","",NULL,"","2025-10-18 14:54:59","",""
"1132","121","300","","",NULL,"","2025-10-18 14:54:59","",""
"1133","122","500","","",NULL,"","2025-10-18 14:54:59","",""
"1134","122","500","","",NULL,"","2025-10-18 14:54:59","",""
"1135","122","500","","",NULL,"","2025-10-18 14:54:59","",""
"1136","122","500","","",NULL,"","2025-10-18 14:54:59","",""
"1137","122","500","","",NULL,"","2025-10-18 14:54:59","",""
"1138","122","500","","",NULL,"","2025-10-18 14:54:59","",""
"1139","123","500","","",NULL,"","2025-10-18 14:54:59","",""
"1140","124","300","","",NULL,"","2025-10-18 14:54:59","",""
"1141","124","300","","",NULL,"","2025-10-18 14:54:59","",""
"1142","124","300","","",NULL,"","2025-10-18 14:54:59","",""
"1143","124","300","","",NULL,"","2025-10-18 14:54:59","",""
"1144","124","300","","",NULL,"","2025-10-18 14:54:59","",""
"1145","125","300","","",NULL,"","2025-10-18 14:54:59","",""
"1146","125","300","","",NULL,"","2025-10-18 14:54:59","",""
"1147","125","300","","",NULL,"","2025-10-18 14:54:59","",""
"1148","125","300","","",NULL,"","2025-10-18 14:54:59","",""
"1149","125","300","","",NULL,"","2025-10-18 14:54:59","",""
"1150","125","300","","",NULL,"","2025-10-18 14:54:59","",""
"1151","125","300","","",NULL,"","2025-10-18 14:54:59","",""
"1152","125","300","","",NULL,"","2025-10-18 14:54:59","",""
"1153","125","300","","",NULL,"","2025-10-18 14:54:59","",""
"1154","125","300","","",NULL,"","2025-10-18 14:54:59","",""
"1155","125","300","","",NULL,"","2025-10-18 14:54:59","",""
"1156","125","300","","",NULL,"","2025-10-18 14:54:59","",""
"1157","125","300","","",NULL,"","2025-10-18 14:54:59","",""
"1158","125","300","","",NULL,"","2025-10-18 14:54:59","",""
"1159","125","300","","",NULL,"","2025-10-18 14:54:59","",""
"1160","125","300","","",NULL,"","2025-10-18 14:54:59","",""
"1161","125","300","","",NULL,"","2025-10-18 14:54:59","",""
"1162","125","300","","",NULL,"","2025-10-18 14:54:59","",""
"1163","125","300","","",NULL,"","2025-10-18 14:54:59","",""
"1164","125","300","","",NULL,"","2025-10-18 14:54:59","",""
"1165","126","500","","",NULL,"","2025-10-18 14:54:59","",""
"1166","126","500","","",NULL,"","2025-10-18 14:54:59","",""
"1167","126","500","","",NULL,"","2025-10-18 14:54:59","",""
"1168","126","500","","",NULL,"","2025-10-18 14:54:59","",""
"1169","126","500","","",NULL,"","2025-10-18 14:54:59","",""
"1170","126","500","","",NULL,"","2025-10-18 14:54:59","",""
"1171","126","500","","",NULL,"","2025-10-18 14:54:59","",""
"1172","126","500","","",NULL,"","2025-10-18 14:54:59","",""
"1173","126","500","","",NULL,"","2025-10-18 14:54:59","",""
"1174","126","500","","",NULL,"","2025-10-18 14:54:59","",""
"1176","127","300","","",NULL,"","2025-10-18 14:54:59","",""
"1177","127","300","","",NULL,"","2025-10-18 14:54:59","",""
"1178","127","300","","",NULL,"","2025-10-18 14:54:59","",""
"1179","127","300","","",NULL,"","2025-10-18 14:54:59","",""
"1180","127","300","","",NULL,"","2025-10-18 14:54:59","",""
"1181","127","300","","",NULL,"","2025-10-18 14:54:59","",""
"1182","127","300","","",NULL,"","2025-10-18 14:54:59","",""
"1183","127","300","","",NULL,"","2025-10-18 14:54:59","",""
"1184","127","300","","",NULL,"","2025-10-18 14:54:59","",""
"1185","127","300","","",NULL,"","2025-10-18 14:54:59","",""
"1187","128","500","","",NULL,"","2025-10-18 14:54:59","",""
"1188","128","500","","",NULL,"","2025-10-18 14:54:59","",""
"1189","128","500","","",NULL,"","2025-10-18 14:54:59","",""
"1190","128","500","","",NULL,"","2025-10-18 14:54:59","",""
"1191","128","500","","",NULL,"","2025-10-18 14:54:59","",""
"1192","128","500","","",NULL,"","2025-10-18 14:54:59","",""
"1193","128","500","","",NULL,"","2025-10-18 14:54:59","",""
"1194","128","500","","",NULL,"","2025-10-18 14:54:59","",""
"1195","129","300","","",NULL,"","2025-10-18 14:54:59","",""
"1196","129","300","","",NULL,"","2025-10-18 14:54:59","",""
"1197","129","300","","",NULL,"","2025-10-18 14:54:59","",""
"1198","129","300","","",NULL,"","2025-10-18 14:54:59","",""
"1199","129","300","","",NULL,"","2025-10-18 14:54:59","",""
"1200","129","300","","",NULL,"","2025-10-18 14:54:59","",""
"1201","129","300","","",NULL,"","2025-10-18 14:54:59","",""
"1202","129","300","","",NULL,"","2025-10-18 14:54:59","",""
"1203","129","300","","",NULL,"","2025-10-18 14:54:59","",""
"1204","129","300","","",NULL,"","2025-10-18 14:54:59","",""
"1205","129","300","","",NULL,"","2025-10-18 14:54:59","",""
"1206","129","300","","",NULL,"","2025-10-18 14:54:59","",""
"1207","129","300","","",NULL,"","2025-10-18 14:54:59","",""
"1208","129","300","","",NULL,"","2025-10-18 14:54:59","",""
"1209","129","300","","",NULL,"","2025-10-18 14:54:59","",""
"1210","129","300","","",NULL,"","2025-10-18 14:54:59","",""
"1211","129","300","","",NULL,"","2025-10-18 14:54:59","",""
"1212","129","300","","",NULL,"","2025-10-18 14:54:59","",""
"1213","129","300","","",NULL,"","2025-10-18 14:54:59","",""
"1214","130","300","","",NULL,"","2025-10-18 14:54:59","",""
"1215","130","300","","",NULL,"","2025-10-18 14:54:59","",""
"1216","130","300","","",NULL,"","2025-10-18 14:54:59","",""
"1217","130","300","","",NULL,"","2025-10-18 14:54:59","",""
"1218","130","300","","",NULL,"","2025-10-18 14:54:59","",""
"1219","130","300","","",NULL,"","2025-10-18 14:54:59","",""
"1220","130","300","","",NULL,"","2025-10-18 14:54:59","",""
"1221","130","300","","",NULL,"","2025-10-18 14:54:59","",""
"1222","130","300","","",NULL,"","2025-10-18 14:54:59","",""
"1223","130","300","","",NULL,"","2025-10-18 14:54:59","",""
"1224","130","300","","",NULL,"","2025-10-18 14:54:59","",""
"1225","130","300","","",NULL,"","2025-10-18 14:54:59","",""
"1226","130","300","","",NULL,"","2025-10-18 14:54:59","",""
"1227","130","300","","",NULL,"","2025-10-18 14:54:59","",""
"1228","130","300","","",NULL,"","2025-10-18 14:54:59","",""
"1229","130","300","","",NULL,"","2025-10-18 14:54:59","",""
"1230","130","300","","",NULL,"","2025-10-18 14:54:59","",""
"1231","130","300","","",NULL,"","2025-10-18 14:54:59","",""
"1232","130","300","","",NULL,"","2025-10-18 14:54:59","",""
"1233","130","300","","",NULL,"","2025-10-18 14:54:59","",""
"1234","130","300","","",NULL,"","2025-10-18 14:54:59","",""
"1235","130","300","","",NULL,"","2025-10-18 14:54:59","",""
"1236","130","300","","",NULL,"","2025-10-18 14:54:59","",""
"1237","130","100","","",NULL,"","2025-10-18 14:54:59","",""
"1238","131","50","","",NULL,"","2025-10-18 14:54:59","",""
"1240","132","500","","",NULL,"","2025-10-18 14:54:59","",""
"1241","132","500","","",NULL,"","2025-10-18 14:54:59","",""
"1242","132","500","","",NULL,"","2025-10-18 14:54:59","",""
"1243","132","500","","",NULL,"","2025-10-18 14:54:59","",""
"1244","132","500","","",NULL,"","2025-10-18 14:54:59","",""
"1245","132","500","","",NULL,"","2025-10-18 14:54:59","",""
"1246","132","500","","",NULL,"","2025-10-18 14:54:59","",""
"1247","132","500","","",NULL,"","2025-10-18 14:54:59","",""
"1248","132","500","","",NULL,"","2025-10-18 14:54:59","",""
"1249","132","500","","",NULL,"","2025-10-18 14:54:59","",""
"1250","132","500","","",NULL,"","2025-10-18 14:54:59","",""
"1251","132","500","","",NULL,"","2025-10-18 14:54:59","",""
"1252","132","500","","",NULL,"","2025-10-18 14:54:59","",""
"1253","132","500","","",NULL,"","2025-10-18 14:54:59","",""
"1254","133","300","","",NULL,"","2025-10-18 14:54:59","",""
"1255","133","300","","",NULL,"","2025-10-18 14:54:59","",""
"1256","133","300","","",NULL,"","2025-10-18 14:54:59","",""
"1257","133","300","","",NULL,"","2025-10-18 14:54:59","",""
"1258","133","300","","",NULL,"","2025-10-18 14:54:59","",""
"1259","134","300","","",NULL,"","2025-10-18 14:54:59","",""
"1260","134","300","","",NULL,"","2025-10-18 14:54:59","",""
"1261","134","300","","",NULL,"","2025-10-18 14:54:59","",""
"1262","134","300","","",NULL,"","2025-10-18 14:54:59","",""
"1263","134","300","","",NULL,"","2025-10-18 14:54:59","",""
"1264","134","300","","",NULL,"","2025-10-18 14:54:59","",""
"1265","134","300","","",NULL,"","2025-10-18 14:54:59","",""
"1266","134","300","","",NULL,"","2025-10-18 14:54:59","",""
"1267","134","300","","",NULL,"","2025-10-18 14:54:59","",""
"1268","134","300","","",NULL,"","2025-10-18 14:54:59","",""
"1269","134","300","","",NULL,"","2025-10-18 14:54:59","",""
"1270","134","300","","",NULL,"","2025-10-18 14:54:59","",""
"1271","134","300","","",NULL,"","2025-10-18 14:54:59","",""
"1272","134","300","","",NULL,"","2025-10-18 14:54:59","",""
"1273","134","300","","",NULL,"","2025-10-18 14:54:59","",""
"1274","134","300","","",NULL,"","2025-10-18 14:54:59","",""
"1275","134","300","","",NULL,"","2025-10-18 14:54:59","",""
"1276","134","300","","",NULL,"","2025-10-18 14:54:59","",""
"1277","134","300","","",NULL,"","2025-10-18 14:54:59","",""
"1278","134","300","","",NULL,"","2025-10-18 14:54:59","",""
"1279","135","100","","",NULL,"","2025-10-18 14:54:59","",""
"1284","136","300","","",NULL,"","2025-10-18 14:54:59","",""
"1285","136","300","","",NULL,"","2025-10-18 14:54:59","",""
"1286","136","300","","",NULL,"","2025-10-18 14:54:59","",""
"1287","136","300","","",NULL,"","2025-10-18 14:54:59","",""
"1288","136","300","","",NULL,"","2025-10-18 14:54:59","",""
"1289","136","300","","",NULL,"","2025-10-18 14:54:59","",""
"1290","136","300","","",NULL,"","2025-10-18 14:54:59","",""
"1291","136","300","","",NULL,"","2025-10-18 14:54:59","",""
"1292","136","300","","",NULL,"","2025-10-18 14:54:59","",""
"1293","136","300","","",NULL,"","2025-10-18 14:54:59","",""
"1294","137","300","","",NULL,"","2025-10-18 14:54:59","",""
"1295","137","300","","",NULL,"","2025-10-18 14:54:59","",""
"1296","137","300","","",NULL,"","2025-10-18 14:54:59","",""
"1297","137","300","","",NULL,"","2025-10-18 14:54:59","",""
"1298","137","300","","",NULL,"","2025-10-18 14:54:59","",""
"1299","137","300","","",NULL,"","2025-10-18 14:54:59","",""
"1300","137","300","","",NULL,"","2025-10-18 14:54:59","",""
"1301","137","300","","",NULL,"","2025-10-18 14:54:59","",""
"1302","137","300","","",NULL,"","2025-10-18 14:54:59","",""
"1303","137","300","","",NULL,"","2025-10-18 14:54:59","",""
"1304","138","300","","",NULL,"","2025-10-18 14:54:59","",""
"1305","138","300","","",NULL,"","2025-10-18 14:54:59","",""
"1306","138","300","","",NULL,"","2025-10-18 14:54:59","",""
"1307","138","300","","",NULL,"","2025-10-18 14:54:59","",""
"1308","138","300","","",NULL,"","2025-10-18 14:54:59","",""
"1309","138","300","","",NULL,"","2025-10-18 14:54:59","",""
"1310","138","300","","",NULL,"","2025-10-18 14:54:59","",""
"1311","138","300","","",NULL,"","2025-10-18 14:54:59","",""
"1312","138","300","","",NULL,"","2025-10-18 14:54:59","",""
"1313","138","300","","",NULL,"","2025-10-18 14:54:59","",""
"1314","139","300","","",NULL,"","2025-10-18 14:54:59","",""
"1315","139","300","","",NULL,"","2025-10-18 14:54:59","",""
"1316","139","300","","",NULL,"","2025-10-18 14:54:59","",""
"1317","139","300","","",NULL,"","2025-10-18 14:54:59","",""
"1318","139","300","","",NULL,"","2025-10-18 14:54:59","",""
"1319","139","300","","",NULL,"","2025-10-18 14:54:59","",""
"1320","139","300","","",NULL,"","2025-10-18 14:54:59","",""
"1321","139","300","","",NULL,"","2025-10-18 14:54:59","",""
"1322","139","300","","",NULL,"","2025-10-18 14:54:59","",""
"1323","139","300","","",NULL,"","2025-10-18 14:54:59","",""
"1324","139","300","","",NULL,"","2025-10-18 14:54:59","",""
"1325","139","300","","",NULL,"","2025-10-18 14:54:59","",""
"1326","139","300","","",NULL,"","2025-10-18 14:54:59","",""
"1327","139","300","","",NULL,"","2025-10-18 14:54:59","",""
"1328","139","300","","",NULL,"","2025-10-18 14:54:59","",""
"1329","139","300","","",NULL,"","2025-10-18 14:54:59","",""
"1330","139","300","","",NULL,"","2025-10-18 14:54:59","",""
"1331","139","300","","",NULL,"","2025-10-18 14:54:59","",""
"1332","139","300","","",NULL,"","2025-10-18 14:54:59","",""
"1333","139","300","","",NULL,"","2025-10-18 14:54:59","",""
"1334","139","300","","",NULL,"","2025-10-18 14:54:59","",""
"1335","139","300","","",NULL,"","2025-10-18 14:54:59","",""
"1336","139","300","","",NULL,"","2025-10-18 14:54:59","",""
"1337","139","100","","",NULL,"","2025-10-18 14:54:59","",""
"1338","140","100","","",NULL,"","2025-10-18 14:54:59","",""
"1339","141","300","","",NULL,"","2025-10-18 14:54:59","",""
"1342","142","300","","",NULL,"","2025-10-18 14:54:59","",""
"1343","142","300","","",NULL,"","2025-10-18 14:54:59","",""
"1344","142","300","","",NULL,"","2025-10-18 14:54:59","",""
"1345","142","300","","",NULL,"","2025-10-18 14:54:59","",""
"1346","142","300","","",NULL,"","2025-10-18 14:54:59","",""
"1347","143","100","","",NULL,"","2025-10-18 14:54:59","",""
"1348","143","100","","",NULL,"","2025-10-18 14:54:59","",""
"1349","143","100","","",NULL,"","2025-10-18 14:54:59","",""
"1350","143","100","","",NULL,"","2025-10-18 14:54:59","",""
"1351","143","100","","",NULL,"","2025-10-18 14:54:59","",""
"1352","144","300","","",NULL,"","2025-10-18 14:54:59","",""
"1353","144","300","","",NULL,"","2025-10-18 14:54:59","",""
"1354","144","300","","",NULL,"","2025-10-18 14:54:59","",""
"1355","144","100","","",NULL,"","2025-10-18 14:54:59","",""
"1356","145","300","","",NULL,"","2025-10-18 14:54:59","",""
"1357","145","300","","",NULL,"","2025-10-18 14:54:59","",""
"1358","145","300","","",NULL,"","2025-10-18 14:54:59","",""
"1359","145","300","","",NULL,"","2025-10-18 14:54:59","",""
"1360","145","300","","",NULL,"","2025-10-18 14:54:59","",""
"1361","145","300","","",NULL,"","2025-10-18 14:54:59","",""
"1362","145","300","","",NULL,"","2025-10-18 14:54:59","",""
"1363","145","300","","",NULL,"","2025-10-18 14:54:59","",""
"1364","145","300","","",NULL,"","2025-10-18 14:54:59","",""
"1365","145","300","","",NULL,"","2025-10-18 14:54:59","",""
"1366","146","300","","",NULL,"","2025-10-18 14:54:59","",""
"1367","146","300","","",NULL,"","2025-10-18 14:54:59","",""
"1368","146","300","","",NULL,"","2025-10-18 14:54:59","",""
"1369","146","300","","",NULL,"","2025-10-18 14:54:59","",""
"1370","146","300","","",NULL,"","2025-10-18 14:54:59","",""
"1371","148","300","","",NULL,"","2025-10-18 14:54:59","",""
"1372","148","300","","",NULL,"","2025-10-18 14:54:59","",""
"1373","148","300","","",NULL,"","2025-10-18 14:54:59","",""
"1374","148","300","","",NULL,"","2025-10-18 14:54:59","",""
"1375","148","300","","",NULL,"","2025-10-18 14:54:59","",""
"1376","148","300","","",NULL,"","2025-10-18 14:54:59","",""
"1377","148","300","","",NULL,"","2025-10-18 14:54:59","",""
"1378","148","300","","",NULL,"","2025-10-18 14:54:59","",""
"1379","148","300","","",NULL,"","2025-10-18 14:54:59","",""
"1380","148","300","","",NULL,"","2025-10-18 14:54:59","",""
"1381","149","100","","",NULL,"","2025-10-18 14:54:59","",""
"1382","150","6","","",NULL,"","2025-10-18 14:54:59","",""
"1383","151","300","","",NULL,"","2025-10-18 14:54:59","",""
"1384","151","300","","",NULL,"","2025-10-18 14:54:59","",""
"1385","151","300","","",NULL,"","2025-10-18 14:54:59","",""
"1386","152","300","","",NULL,"","2025-10-18 14:54:59","",""
"1387","152","300","","",NULL,"","2025-10-18 14:54:59","",""
"1388","152","300","","",NULL,"","2025-10-18 14:54:59","",""
"1389","153","300","","",NULL,"","2025-10-18 14:54:59","",""
"1390","153","300","","",NULL,"","2025-10-18 14:54:59","",""
"1391","153","300","","",NULL,"","2025-10-18 14:54:59","",""
"1392","153","300","","",NULL,"","2025-10-18 14:54:59","",""
"1393","153","300","","",NULL,"","2025-10-18 14:54:59","",""
"1394","153","300","","",NULL,"","2025-10-18 14:54:59","",""
"1395","153","300","","",NULL,"","2025-10-18 14:54:59","",""
"1396","153","300","","",NULL,"","2025-10-18 14:54:59","",""
"1397","153","300","","",NULL,"","2025-10-18 14:54:59","",""
"1398","153","300","","",NULL,"","2025-10-18 14:54:59","",""
"1399","154","300","","",NULL,"","2025-10-18 14:54:59","",""
"1400","154","300","","",NULL,"","2025-10-18 14:54:59","",""
"1401","154","300","","",NULL,"","2025-10-18 14:54:59","",""
"1402","155","300","","",NULL,"","2025-10-18 14:54:59","",""
"1403","155","300","","",NULL,"","2025-10-18 14:54:59","",""
"1404","155","300","","",NULL,"","2025-10-18 14:54:59","",""
"1405","155","300","","",NULL,"","2025-10-18 14:54:59","",""
"1406","155","300","","",NULL,"","2025-10-18 14:54:59","",""
"1407","155","300","","",NULL,"","2025-10-18 14:54:59","",""
"1408","155","300","","",NULL,"","2025-10-18 14:54:59","",""
"1409","155","300","","",NULL,"","2025-10-18 14:54:59","",""
"1410","155","300","","",NULL,"","2025-10-18 14:54:59","",""
"1411","155","300","","",NULL,"","2025-10-18 14:54:59","",""
"1412","156","300","","",NULL,"","2025-10-18 14:54:59","",""
"1413","157","300","","",NULL,"","2025-10-18 14:54:59","",""
"1414","157","300","","",NULL,"","2025-10-18 14:54:59","",""
"1415","157","300","","",NULL,"","2025-10-18 14:54:59","",""
"1416","157","300","","",NULL,"","2025-10-18 14:54:59","",""
"1417","157","300","","",NULL,"","2025-10-18 14:54:59","",""
"1418","157","300","","",NULL,"","2025-10-18 14:54:59","",""
"1419","157","300","","",NULL,"","2025-10-18 14:54:59","",""
"1420","157","300","","",NULL,"","2025-10-18 14:54:59","",""
"1421","157","300","","",NULL,"","2025-10-18 14:54:59","",""
"1422","157","300","","",NULL,"","2025-10-18 14:54:59","",""
"1424","158","65","","",NULL,"","2025-10-18 14:54:59","",""
"1425","159","300","","",NULL,"","2025-10-18 14:54:59","",""
"1426","159","300","","",NULL,"","2025-10-18 14:54:59","",""
"1427","159","300","","",NULL,"","2025-10-18 14:54:59","",""
"1428","159","300","","",NULL,"","2025-10-18 14:54:59","",""
"1429","159","300","","",NULL,"","2025-10-18 14:54:59","",""
"1430","159","300","","",NULL,"","2025-10-18 14:54:59","",""
"1431","159","300","","",NULL,"","2025-10-18 14:54:59","",""
"1432","159","300","","",NULL,"","2025-10-18 14:54:59","",""
"1433","159","300","","",NULL,"","2025-10-18 14:54:59","",""
"1434","159","300","","",NULL,"","2025-10-18 14:54:59","",""
"1435","160","300","","",NULL,"","2025-10-18 14:54:59","",""
"1436","160","300","","",NULL,"","2025-10-18 14:54:59","",""
"1437","160","300","","",NULL,"","2025-10-18 14:54:59","",""
"1438","161","300","","",NULL,"","2025-10-18 14:54:59","",""
"1439","161","100","","",NULL,"","2025-10-18 14:54:59","",""
"1440","162","300","","",NULL,"","2025-10-18 14:54:59","",""
"1441","162","300","","",NULL,"","2025-10-18 14:54:59","",""
"1442","162","100","","",NULL,"","2025-10-18 14:54:59","",""
"1443","163","300","","",NULL,"","2025-10-18 14:54:59","",""
"1444","163","300","","",NULL,"","2025-10-18 14:54:59","",""
"1445","163","300","","",NULL,"","2025-10-18 14:54:59","",""
"1446","163","300","","",NULL,"","2025-10-18 14:54:59","",""
"1447","163","300","","",NULL,"","2025-10-18 14:54:59","",""
"1448","164","300","","",NULL,"","2025-10-18 14:54:59","",""
"1449","164","300","","",NULL,"","2025-10-18 14:54:59","",""
"1450","164","300","","",NULL,"","2025-10-18 14:54:59","",""
"1451","164","300","","",NULL,"","2025-10-18 14:54:59","",""
"1452","164","300","","",NULL,"","2025-10-18 14:54:59","",""
"1453","165","300","","",NULL,"","2025-10-18 14:54:59","",""
"1454","165","300","","",NULL,"","2025-10-18 14:54:59","",""
"1455","165","300","","",NULL,"","2025-10-18 14:54:59","",""
"1456","165","300","","",NULL,"","2025-10-18 14:54:59","",""
"1457","165","300","","",NULL,"","2025-10-18 14:54:59","",""
"1458","165","300","","",NULL,"","2025-10-18 14:54:59","",""
"1459","165","200","","",NULL,"","2025-10-18 14:54:59","",""
"1461","166","75","","",NULL,"","2025-10-18 14:54:59","",""
"1462","167","300","","",NULL,"","2025-10-18 14:54:59","",""
"1463","167","300","","",NULL,"","2025-10-18 14:54:59","",""
"1464","167","300","","",NULL,"","2025-10-18 14:54:59","",""
"1465","167","300","","",NULL,"","2025-10-18 14:54:59","",""
"1466","167","300","","",NULL,"","2025-10-18 14:54:59","",""
"1467","168","300","","",NULL,"","2025-10-18 14:54:59","",""
"1468","168","300","","",NULL,"","2025-10-18 14:54:59","",""
"1469","168","300","","",NULL,"","2025-10-18 14:54:59","",""
"1470","168","300","","",NULL,"","2025-10-18 14:54:59","",""
"1471","168","300","","",NULL,"","2025-10-18 14:54:59","",""
"1472","168","300","","",NULL,"","2025-10-18 14:54:59","",""
"1473","168","300","","",NULL,"","2025-10-18 14:54:59","",""
"1474","168","300","","",NULL,"","2025-10-18 14:54:59","",""
"1475","168","300","","",NULL,"","2025-10-18 14:54:59","",""
"1476","168","300","","",NULL,"","2025-10-18 14:54:59","",""
"1477","169","300","","",NULL,"","2025-10-18 14:54:59","",""
"1478","169","300","","",NULL,"","2025-10-18 14:54:59","",""
"1479","169","300","","",NULL,"","2025-10-18 14:54:59","",""
"1480","169","300","","",NULL,"","2025-10-18 14:54:59","",""
"1481","169","300","","",NULL,"","2025-10-18 14:54:59","",""
"1482","169","300","","",NULL,"","2025-10-18 14:54:59","",""
"1483","169","300","","",NULL,"","2025-10-18 14:54:59","",""
"1484","169","300","","",NULL,"","2025-10-18 14:54:59","",""
"1485","169","300","","",NULL,"","2025-10-18 14:54:59","",""
"1486","169","300","","",NULL,"","2025-10-18 14:54:59","",""
"1487","170","300","","",NULL,"","2025-10-18 14:54:59","",""
"1488","170","300","","",NULL,"","2025-10-18 14:54:59","",""
"1489","170","300","","",NULL,"","2025-10-18 14:54:59","",""
"1490","170","300","","",NULL,"","2025-10-18 14:54:59","",""
"1491","170","300","","",NULL,"","2025-10-18 14:54:59","",""
"1492","170","300","","",NULL,"","2025-10-18 14:54:59","",""
"1493","170","300","","",NULL,"","2025-10-18 14:54:59","",""
"1494","170","300","","",NULL,"","2025-10-18 14:54:59","",""
"1495","170","300","","",NULL,"","2025-10-18 14:54:59","",""
"1496","170","300","","",NULL,"","2025-10-18 14:54:59","",""
"1497","171","300","","",NULL,"","2025-10-18 14:54:59","",""
"1498","171","300","","",NULL,"","2025-10-18 14:54:59","",""
"1499","171","300","","",NULL,"","2025-10-18 14:54:59","",""
"1500","171","300","","",NULL,"","2025-10-18 14:54:59","",""
"1501","171","300","","",NULL,"","2025-10-18 14:54:59","",""
"1502","171","300","","",NULL,"","2025-10-18 14:54:59","",""
"1503","171","300","","",NULL,"","2025-10-18 14:54:59","",""
"1504","171","300","","",NULL,"","2025-10-18 14:54:59","",""
"1505","171","300","","",NULL,"","2025-10-18 14:54:59","",""
"1506","171","300","","",NULL,"","2025-10-18 14:54:59","",""
"1507","172","300","","",NULL,"","2025-10-18 14:54:59","",""
"1508","172","300","","",NULL,"","2025-10-18 14:54:59","",""
"1509","172","300","","",NULL,"","2025-10-18 14:54:59","",""
"1510","172","300","","",NULL,"","2025-10-18 14:54:59","",""
"1511","172","300","","",NULL,"","2025-10-18 14:54:59","",""
"1512","172","300","","",NULL,"","2025-10-18 14:54:59","",""
"1513","173","300","","",NULL,"","2025-10-18 14:54:59","",""
"1514","173","300","","",NULL,"","2025-10-18 14:54:59","",""
"1515","173","300","","",NULL,"","2025-10-18 14:54:59","",""
"1516","173","300","","",NULL,"","2025-10-18 14:54:59","",""
"1517","173","300","","",NULL,"","2025-10-18 14:54:59","",""
"1518","173","300","","",NULL,"","2025-10-18 14:54:59","",""
"1519","173","300","","",NULL,"","2025-10-18 14:54:59","",""
"1520","173","300","","",NULL,"","2025-10-18 14:54:59","",""
"1521","173","300","","",NULL,"","2025-10-18 14:54:59","",""
"1522","173","300","","",NULL,"","2025-10-18 14:54:59","",""
"1523","175","300","","",NULL,"","2025-10-18 14:54:59","",""
"1524","175","300","","",NULL,"","2025-10-18 14:54:59","",""
"1525","175","300","","",NULL,"","2025-10-18 14:54:59","",""
"1526","175","300","","",NULL,"","2025-10-18 14:54:59","",""
"1527","175","300","","",NULL,"","2025-10-18 14:54:59","",""
"1528","175","300","","",NULL,"","2025-10-18 14:54:59","",""
"1529","175","50","","",NULL,"","2025-10-18 14:54:59","",""
"1530","176","300","","",NULL,"","2025-10-18 14:54:59","",""
"1531","176","300","","",NULL,"","2025-10-18 14:54:59","",""
"1532","176","300","","",NULL,"","2025-10-18 14:54:59","",""
"1533","176","300","","",NULL,"","2025-10-18 14:54:59","",""
"1534","176","300","","",NULL,"","2025-10-18 14:54:59","",""
"1535","176","300","","",NULL,"","2025-10-18 14:54:59","",""
"1536","176","300","","",NULL,"","2025-10-18 14:54:59","",""
"1537","176","300","","",NULL,"","2025-10-18 14:54:59","",""
"1538","176","300","","",NULL,"","2025-10-18 14:54:59","",""
"1539","176","300","","",NULL,"","2025-10-18 14:54:59","",""
"1540","177","300","","",NULL,"","2025-10-18 14:54:59","",""
"1541","177","300","","",NULL,"","2025-10-18 14:54:59","",""
"1542","177","300","","",NULL,"","2025-10-18 14:54:59","",""
"1543","177","300","","",NULL,"","2025-10-18 14:54:59","",""
"1544","177","300","","",NULL,"","2025-10-18 14:54:59","",""
"1545","177","300","","",NULL,"","2025-10-18 14:54:59","",""
"1546","177","300","","",NULL,"","2025-10-18 14:54:59","",""
"1547","177","300","","",NULL,"","2025-10-18 14:54:59","",""
"1548","177","300","","",NULL,"","2025-10-18 14:54:59","",""
"1549","177","300","","",NULL,"","2025-10-18 14:54:59","",""
"1550","178","300","","",NULL,"","2025-10-18 14:54:59","",""
"1551","178","300","","",NULL,"","2025-10-18 14:54:59","",""
"1552","178","300","","",NULL,"","2025-10-18 14:54:59","",""
"1553","178","300","","",NULL,"","2025-10-18 14:54:59","",""
"1554","178","300","","",NULL,"","2025-10-18 14:54:59","",""
"1555","178","300","","",NULL,"","2025-10-18 14:54:59","",""
"1556","178","300","","",NULL,"","2025-10-18 14:54:59","",""
"1557","178","300","","",NULL,"","2025-10-18 14:54:59","",""
"1558","178","300","","",NULL,"","2025-10-18 14:54:59","",""
"1559","178","300","","",NULL,"","2025-10-18 14:54:59","",""
"1560","179","300","","",NULL,"","2025-10-18 14:54:59","",""
"1561","179","300","","",NULL,"","2025-10-18 14:54:59","",""
"1562","179","300","","",NULL,"","2025-10-18 14:54:59","",""
"1563","179","300","","",NULL,"","2025-10-18 14:54:59","",""
"1564","179","300","","",NULL,"","2025-10-18 14:54:59","",""
"1565","179","300","","",NULL,"","2025-10-18 14:54:59","",""
"1566","179","300","","",NULL,"","2025-10-18 14:54:59","",""
"1567","179","300","","",NULL,"","2025-10-18 14:54:59","",""
"1568","179","300","","",NULL,"","2025-10-18 14:54:59","",""
"1569","179","300","","",NULL,"","2025-10-18 14:54:59","",""
"1573","180","300","","",NULL,"","2025-10-18 14:54:59","",""
"1574","180","300","","",NULL,"","2025-10-18 14:54:59","",""
"1575","180","300","","",NULL,"","2025-10-18 14:54:59","",""
"1576","180","300","","",NULL,"","2025-10-18 14:54:59","",""
"1577","180","300","","",NULL,"","2025-10-18 14:54:59","",""
"1578","180","300","","",NULL,"","2025-10-18 14:54:59","",""
"1579","181","300","","",NULL,"","2025-10-18 14:54:59","",""
"1580","181","300","","",NULL,"","2025-10-18 14:54:59","",""
"1581","181","300","","",NULL,"","2025-10-18 14:54:59","",""
"1582","181","300","","",NULL,"","2025-10-18 14:54:59","",""
"1583","181","300","","",NULL,"","2025-10-18 14:54:59","",""
"1584","181","300","","",NULL,"","2025-10-18 14:54:59","",""
"1585","181","300","","",NULL,"","2025-10-18 14:54:59","",""
"1586","181","300","","",NULL,"","2025-10-18 14:54:59","",""
"1587","181","100","","",NULL,"","2025-10-18 14:54:59","",""
"1588","182","300","","",NULL,"","2025-10-18 14:54:59","",""
"1589","182","300","","",NULL,"","2025-10-18 14:54:59","",""
"1590","182","300","","",NULL,"","2025-10-18 14:54:59","",""
"1591","182","100","","",NULL,"","2025-10-18 14:54:59","",""
"1593","183","2","","",NULL,"","2025-10-18 14:54:59","",""
"1594","184","300","","",NULL,"","2025-10-18 14:54:59","",""
"1595","184","300","","",NULL,"","2025-10-18 14:54:59","",""
"1596","184","300","","",NULL,"","2025-10-18 14:54:59","",""
"1597","184","300","","",NULL,"","2025-10-18 14:54:59","",""
"1598","184","300","","",NULL,"","2025-10-18 14:54:59","",""
"1599","184","300","","",NULL,"","2025-10-18 14:54:59","",""
"1600","184","300","","",NULL,"","2025-10-18 14:54:59","",""
"1601","184","300","","",NULL,"","2025-10-18 14:54:59","",""
"1602","184","300","","",NULL,"","2025-10-18 14:54:59","",""
"1603","184","300","","",NULL,"","2025-10-18 14:54:59","",""
"1604","185","300","","",NULL,"","2025-10-18 14:54:59","",""
"1605","185","300","","",NULL,"","2025-10-18 14:54:59","",""
"1606","185","300","","",NULL,"","2025-10-18 14:54:59","",""
"1607","185","300","","",NULL,"","2025-10-18 14:54:59","",""
"1608","185","300","","",NULL,"","2025-10-18 14:54:59","",""
"1609","185","300","","",NULL,"","2025-10-18 14:54:59","",""
"1610","185","300","","",NULL,"","2025-10-18 14:54:59","",""
"1611","185","300","","",NULL,"","2025-10-18 14:54:59","",""
"1612","185","300","","",NULL,"","2025-10-18 14:54:59","",""
"1613","185","300","","",NULL,"","2025-10-18 14:54:59","",""
"1614","186","300","","",NULL,"","2025-10-18 14:54:59","",""
"1615","186","300","","",NULL,"","2025-10-18 14:54:59","",""
"1616","186","300","","",NULL,"","2025-10-18 14:54:59","",""
"1617","186","300","","",NULL,"","2025-10-18 14:54:59","",""
"1618","186","300","","",NULL,"","2025-10-18 14:54:59","",""
"1619","186","300","","",NULL,"","2025-10-18 14:54:59","",""
"1620","186","300","","",NULL,"","2025-10-18 14:54:59","",""
"1621","186","300","","",NULL,"","2025-10-18 14:54:59","",""
"1622","186","300","","",NULL,"","2025-10-18 14:54:59","",""
"1623","186","300","","",NULL,"","2025-10-18 14:54:59","",""
"1624","187","300","","",NULL,"","2025-10-18 14:54:59","",""
"1625","187","300","","",NULL,"","2025-10-18 14:54:59","",""
"1626","187","300","","",NULL,"","2025-10-18 14:54:59","",""
"1627","187","300","","",NULL,"","2025-10-18 14:54:59","",""
"1628","187","300","","",NULL,"","2025-10-18 14:54:59","",""
"1629","187","300","","",NULL,"","2025-10-18 14:54:59","",""
"1630","187","300","","",NULL,"","2025-10-18 14:54:59","",""
"1631","187","300","","",NULL,"","2025-10-18 14:54:59","",""
"1632","187","300","","",NULL,"","2025-10-18 14:54:59","",""
"1633","187","300","","",NULL,"","2025-10-18 14:54:59","",""
"1634","188","300","","",NULL,"","2025-10-18 14:54:59","",""
"1635","188","300","","",NULL,"","2025-10-18 14:54:59","",""
"1636","188","300","","",NULL,"","2025-10-18 14:54:59","",""
"1637","188","300","","",NULL,"","2025-10-18 14:54:59","",""
"1638","188","300","","",NULL,"","2025-10-18 14:54:59","",""
"1639","188","300","","",NULL,"","2025-10-18 14:54:59","",""
"1640","188","300","","",NULL,"","2025-10-18 14:54:59","",""
"1641","188","300","","",NULL,"","2025-10-18 14:54:59","",""
"1642","188","300","","",NULL,"","2025-10-18 14:54:59","",""
"1643","188","300","","",NULL,"","2025-10-18 14:54:59","",""
"1644","189","300","","",NULL,"","2025-10-18 14:54:59","",""
"1645","189","300","","",NULL,"","2025-10-18 14:54:59","",""
"1646","189","300","","",NULL,"","2025-10-18 14:54:59","",""
"1647","189","300","","",NULL,"","2025-10-18 14:54:59","",""
"1648","189","300","","",NULL,"","2025-10-18 14:54:59","",""
"1649","189","300","","",NULL,"","2025-10-18 14:54:59","",""
"1650","189","300","","",NULL,"","2025-10-18 14:54:59","",""
"1651","189","300","","",NULL,"","2025-10-18 14:54:59","",""
"1652","189","300","","",NULL,"","2025-10-18 14:54:59","",""
"1653","189","300","","",NULL,"","2025-10-18 14:54:59","",""
